都府県振興局,観測所番号,種類,観測所名,ｶﾀｶﾅ名,所在地,緯度(度),緯度(分),経度(度),経度(分),海面上の高さ(ｍ),風速計の高さ(ｍ),温度計の高さ(ｍ),観測開始年月日,備考1,備考2
宗谷,11001,四,宗谷岬,ｿｳﾔﾐｻｷ,稚内市宗谷岬,45,31.2,141,56.1,26,10,1.5,昭53.10.30,－,－
宗谷,11016,官,稚内,ﾜｯｶﾅｲ,稚内市開運　稚内地方気象台,45,24.9,141,40.7,3,23.5,－,#昭50.4.1,11903,－
宗谷,11046,四,礼文,ﾚﾌﾞﾝ,礼文郡礼文町大字香深村字トンナイ,45,18.3,141,2.7,65,6.5,1.5,平15.10.17,－,－
宗谷,11076,四,浜鬼志別,ﾊﾏｵﾆｼﾍﾞﾂ,宗谷郡猿払村浜鬼志別,45,20.1,142,10.2,13,6.5,1.5,昭53.10.30,11900,－
宗谷,11121,四,沼川,ﾇﾏｶﾜ,稚内市声問村字沼川,45,14.9,141,51.1,23,8,1.5,昭52.10.20,11905,－
宗谷,11151,四,沓形,ｸﾂｶﾞﾀ,利尻郡利尻町沓形字泉町,45,10.7,141,8.3,14,6.5,1.5,#昭52.10.24,－,－
宗谷,11176,四,豊富,ﾄﾖﾄﾐ,天塩郡豊富町字豊富東2条,45,6.1,141,46.8,14,10,1.5,(昭50.5.29)昭52.10.25,11910,－
宗谷,11206,四,浜頓別,ﾊﾏﾄﾝﾍﾞﾂ,枝幸郡浜頓別町クッチャロ湖畔,45,7.5,142,21,18,10,2.5,#昭52.10.19,－,－
宗谷,11276,四,中頓別,ﾅｶﾄﾝﾍﾞﾂ,枝幸郡中頓別町上駒,44,57.9,142,16.8,25,10.2,1.5,(昭50.5.28)昭52.10.19,11915,－
宗谷,11291,官,北見枝幸,ｷﾀﾐｴｻｼ,枝幸郡枝幸町本町　北見枝幸特別地域気象観測所,44,56.4,142,35.1,7,17.2,－,#昭51.1.1,11917,－
宗谷,11316,四,歌登,ｳﾀﾉﾎﾞﾘ,枝幸郡枝幸町歌登東町,44,50.5,142,28.8,14,10,1.5,#昭52.10.25,11920,－
上川,12011,四,中川,ﾅｶｶﾞﾜ,中川郡中川町中川,44,49.7,142,4.6,22,10,1.5,昭52.10.19,－,－
上川,12041,四,音威子府,ｵﾄｲﾈｯﾌﾟ,中川郡音威子府村音威子府,44,43.6,142,15.9,40,10,1.5,昭52.10.17,12905,－
上川,12141,四,美深,ﾋﾞﾌｶ,中川郡美深町西町,44,28.8,142,20.5,77,10,1.5,#昭52.10.6,12900,－
上川,12181,四,名寄,ﾅﾖﾛ,名寄市大橋,44,22.2,142,27.4,89,8,2.6,#昭51.4.1,12910,－
上川,12231,四,下川,ｼﾓｶﾜ,上川郡下川町南町,44,17.7,142,38.2,143,10,2.4,#昭52.10.14,12925,－
上川,12261,四,士別,ｼﾍﾞﾂ,士別市武徳町,44,11.2,142,25,135,8,1.5,#昭52.10.13,－,－
上川,12266,四,朝日,ｱｻﾋ,士別市朝日町中央,44,7.1,142,35.7,225,10,1.5,昭52.10.13,－,－
上川,12301,四,和寒,ﾜｯｻﾑ,上川郡和寒町字日ノ出,44,1.7,142,24.6,150,10,1.5,昭52.10.12,12915,－
上川,12386,四,江丹別,ｴﾀﾝﾍﾞﾂ,旭川市江丹別町芳野,43,52.2,142,15.6,140,10,3.2,昭52.10.11,－,－
上川,12396,四,比布,ﾋﾟｯﾌﾟ,上川郡比布町北町,43,52.5,142,28.8,175,10,2.5,(昭50.5.27)昭52.10.11,－,－
上川,12411,四,上川,ｶﾐｶﾜ,上川郡上川町栄町,43,50.8,142,45.2,324,10,2.4,#昭52.10.12,12920,－
上川,12442,官,旭川,ｱｻﾋｶﾜ,旭川市宮前1条　旭川地方気象台,43,45.4,142,22.3,120,46.4,－,平16.9.9,12927,－
上川,12451,四,東川,ﾋｶﾞｼｶﾜ,上川郡東川町北町,43,42.1,142,30.5,215,10,2.2,昭52.10.5,－,－
上川,12512,四,志比内,ｼﾋﾞﾅｲ,上川郡東神楽町志比内,43,38.6,142,34.9,310,10,1.5,平4.10.9,－,－
上川,12551,四,美瑛,ﾋﾞｴｲ,上川郡美瑛町原野5線,43,35.3,142,29.6,250,10,1.5,(昭50.5.28)昭52.10.6,12935,－
上川,12596,四,上富良野,ｶﾐﾌﾗﾉ,空知郡上富良野町大町,43,27.3,142,27.9,220,10,2.1,昭52.10.8,－,－
上川,12626,四,富良野,ﾌﾗﾉ,富良野市東町,43,20,142,24,174,9.4,2.2,#昭51.4.1,12940,－
上川,12632,四,麓郷,ﾛｸｺﾞｳ,富良野市麓郷市街地,43,18.1,142,31.3,315,10,2.3,昭53.10.25,－,－
上川,12691,四,幾寅,ｲｸﾄﾗ,空知郡南富良野町幾寅,43,10.1,142,34.1,350,9.4,1.5,昭52.10.7,12945,－
上川,12746,四,占冠,ｼﾑｶｯﾌﾟ,勇払郡占冠村シムカップ,42,58.7,142,23.7,332,10,1.5,昭52.10.7,12950,－
上川,15041,四,朱鞠内,ｼｭﾏﾘﾅｲ,雨竜郡幌加内町朱鞠内,44,16.9,142,9.7,255,10,1.5,昭53.10.24,15900,－
上川,15076,四,幌加内,ﾎﾛｶﾅｲ,雨竜郡幌加内町幌加内,44,0.6,142,9.6,159,9.4,1.5,(昭50.5.28)昭52.10.28,15905,－
留萌,13061,四,天塩,ﾃｼｵ,天塩郡天塩町川口,44,53.6,141,45.7,9,10,1.5,#昭52.10.26,13900,－
留萌,13086,四,遠別,ｴﾝﾍﾞﾂ,天塩郡遠別町幸和,44,43.1,141,48.4,7,10,1.5,#昭52.10.26,－,－
留萌,13121,四,初山別,ｼｮｻﾝﾍﾞﾂ,苫前郡初山別村初山別,44,31.4,141,46.2,27,10,1.5,昭52.10.28,13905,－
留萌,13146,四,焼尻,ﾔｷﾞｼﾘ,苫前郡羽幌町焼尻白浜,44,25.7,141,25.3,38,8,1.5,昭52.10.27,－,－
留萌,13181,官,羽幌,ﾊﾎﾞﾛ,苫前郡羽幌町南3条　羽幌特別地域気象観測所,44,21.8,141,42,8,21.6,－,#昭51.1.1,13907,－
留萌,13261,四,達布,ﾀｯﾌﾟ,留萌郡小平町達布,44,2.9,141,51.4,30,10,3.4,昭52.10.31,－,－
留萌,13277,官,留萌,ﾙﾓｲ,留萌市大町　留萌特別地域気象観測所,43,56.7,141,37.9,24,16.3,－,昭55.6.21,13915,－
留萌,13311,四,増毛,ﾏｼｹ,増毛郡増毛町別苅,43,50.9,141,30.6,20,9.4,1.5,#昭53.10.24,－,－
留萌,13321,四,幌糠,ﾎﾛﾇｶ,留萌市幌糠町,43,51.2,141,45.6,20,10,1.5,昭52.10.31,13920,－
石狩,14026,四,浜益,ﾊﾏﾏｽ,石狩市浜益区川下,43,34.9,141,23.2,3,10,1.5,昭52.10.12,－,－
石狩,14071,四,厚田,ｱﾂﾀ,石狩市厚田区別狩,43,23.8,141,26.2,5,10,1.5,昭52.10.12,14900,－
石狩,14101,四,新篠津,ｼﾝｼﾉﾂ,石狩郡新篠津村第46線北,43,13.2,141,38.7,9,10,1.5,#昭53.10.23,14910,－
石狩,14116,四,山口,ﾔﾏｸﾞﾁ,札幌市手稲区手稲山口,43,8.9,141,13.3,5,10,1.5,#昭52.10.11,－,－
石狩,14121,四,石狩,ｲｼｶﾘ,石狩市生振,43,11.6,141,22.2,5,10,1.5,平2.3.6,14905,－
石狩,14136,四,江別,ｴﾍﾞﾂ,江別市江別太,43,6.6,141,36.1,8,8,1.5,平12.10.31,－,－
石狩,14163,官,札幌,ｻｯﾎﾟﾛ,札幌市中央区北2条西　札幌管区気象台,43,3.6,141,19.7,17,－,－,平13.9.26,14913,気温、雨、日照
石狩,14206,四,恵庭島松,ｴﾆﾜｼﾏﾏﾂ,恵庭市下島松,42,55.6,141,33.9,30,10,1.5,#昭52.10.13,14920,－
石狩,14286,四,支笏湖畔,ｼｺﾂｺﾊﾝ,千歳市支笏湖温泉番外地,42,46.3,141,24.4,290,10,1.5,#昭52.10.14,－,－
空知,15116,四,石狩沼田,ｲｼｶﾘﾇﾏﾀ,雨竜郡沼田町緑町,43,48.9,141,55.6,63,10,1.5,#昭51.4.1,－,－
空知,15161,四,深川,ﾌｶｶﾞﾜ,深川市一已町一已,43,43.1,142,4.4,55,10,1.5,#昭52.10.7,15910,－
空知,15231,四,空知吉野,ｿﾗﾁﾖｼﾉ,樺戸郡新十津川町吉野,43,35.7,141,43.9,100,10,1.5,昭53.11.2,－,－
空知,15241,四,滝川,ﾀｷｶﾜ,滝川市南滝の川,43,34.2,141,56.3,50,9.6,1.5,#昭51.4.1,15930,－
空知,15251,四,芦別,ｱｼﾍﾞﾂ,芦別市北2条東,43,31.2,142,11.4,91,10,1.5,#昭53.10.25,15915,－
空知,15311,四,月形,ﾂｷｶﾞﾀ,樺戸郡月形町知来乙,43,19.8,141,37,50,10,1.5,(昭50.5.16)昭52.10.6,－,－
空知,15321,四,美唄,ﾋﾞﾊﾞｲ,美唄市北美唄町二区,43,21.8,141,49.6,16,10,1.5,#昭52.10.5,15920,－
空知,15356,官,岩見沢,ｲﾜﾐｻﾞﾜ,岩見沢市5条東　岩見沢特別地域気象観測所,43,12.7,141,47.1,42,22.1,－,#昭50.4.3,15923,－
空知,15431,四,長沼,ﾅｶﾞﾇﾏ,夕張郡長沼町本町北,43,0.7,141,41.6,13,10,2.5,#昭52.10.5,－,－
空知,15442,四,夕張,ﾕｳﾊﾞﾘ,夕張市鹿の谷山手町,43,2.3,141,57.4,293,9.4,1.5,#昭51.4.1,15925,－
後志,16026,四,美国,ﾋﾞｸﾆ,積丹郡積丹町美国町字船澗,43,16.3,140,33.8,75,10,1.5,#昭52.10.25,－,－
後志,16061,四,神恵内,ｶﾓｴﾅｲ,古宇郡神恵内村大字神恵内村,43,8.7,140,25.4,50,10,1.5,昭52.10.24,－,－
後志,16076,四,余市,ﾖｲﾁ,余市郡余市町豊丘町,43,10.9,140,45.5,20,10,1.5,#昭52.10.31,16905,－
後志,16091,官,小樽,ｵﾀﾙ,小樽市勝納町　小樽特別地域気象観測所,43,10.9,141,0.9,25,13.6,－,#昭50.12.23,16903,－
後志,16156,四,共和,ｷｮｳﾜ,岩内郡共和町南幌似,42,58.8,140,36.2,15,10,1.5,#昭52.10.24,16910,－
後志,16206,四,蘭越,ﾗﾝｺｼ,磯谷郡蘭越町蘭越,42,48.6,140,32.5,39,8,1.5,#昭52.10.20,16915,－
後志,16217,官,倶知安,ｸｯﾁｬﾝ,虻田郡倶知安町南1条東　倶知安特別地域気象観測所,42,54,140,45.4,176,30.8,－,平3.8.28,16917,－
後志,16252,官,寿都,ｽｯﾂ,寿都郡寿都町新栄町　寿都特別地域気象観測所,42,47.7,140,13.4,33,17.6,－,平元.9.22,16918,－
後志,16281,四,真狩,ﾏｯｶﾘ,虻田郡真狩村美原,42,46.5,140,52.8,440,10,3.3,(昭50.7.1)昭53.10.27,－,－
後志,16286,四,喜茂別,ｷﾓﾍﾞﾂ,虻田郡喜茂別町伏見,42,47.6,140,56.9,264,10,2.9,#昭52.10.21,16920,－
後志,16321,四,黒松内,ｸﾛﾏﾂﾅｲ,寿都郡黒松内町黒松内,42,39.8,140,18.6,27,10,1.5,#昭52.10.20,16925,－
ｵﾎｰﾂｸ,17036,官,雄武,ｵｳﾑ,紋別郡雄武町雄武　雄武特別地域気象観測所,44,34.8,142,57.8,14,16.6,－,#昭50.12.1,17903,－
ｵﾎｰﾂｸ,17076,四,興部,ｵｺｯﾍﾟ,紋別郡興部町興部,44,28.2,143,6.5,8,10,2.5,#昭52.10.28,－,－
ｵﾎｰﾂｸ,17091,四,西興部,ﾆｼｵｺｯﾍﾟ,紋別郡西興部村西興部,44,19.9,142,56.1,120,8,2.5,(昭50.7.1)昭52.10.28,17900,－
ｵﾎｰﾂｸ,17112,官,紋別,ﾓﾝﾍﾞﾂ,紋別市南が丘町　紋別特別地域気象観測所,44,20.7,143,21.3,16,13.6,－,昭58.1.1,17904,－
ｵﾎｰﾂｸ,17166,四,湧別,ﾕｳﾍﾞﾂ,紋別郡湧別町東,44,12.8,143,37.1,5,9.4,2.5,#昭52.10.26,－,－
ｵﾎｰﾂｸ,17196,四,滝上,ﾀｷﾉｳｴ,紋別郡滝上町滝ノ上原野5線南,44,10.6,143,3.7,165,10,2.5,#昭52.10.27,17905,－
ｵﾎｰﾂｸ,17246,四,常呂,ﾄｺﾛ,北見市常呂町字岐阜,44,6.9,144,2.2,3,10,2.5,#昭52.10.21,－,－
ｵﾎｰﾂｸ,17306,四,遠軽,ｴﾝｶﾞﾙ,紋別郡遠軽町東町,44,3.2,143,32.4,80,6.4,2.5,#昭52.10.24,17910,－
ｵﾎｰﾂｸ,17316,四,佐呂間,ｻﾛﾏ,常呂郡佐呂間町西富,44,1.1,143,45.6,54,10,2.5,#昭52.10.21,17915,－
ｵﾎｰﾂｸ,17341,官,網走,ｱﾊﾞｼﾘ,網走市台町　網走地方気象台,44,1,144,16.7,38,15.6,－,#昭50.4.1,17917,－
ｵﾎｰﾂｸ,17351,四,宇登呂,ｳﾄﾛ,斜里郡斜里町ウトロ高原,44,3.1,144,58.9,144,10,2.5,(昭50.5.12)昭53.10.26,17935,－
ｵﾎｰﾂｸ,17482,四,白滝,ｼﾗﾀｷ,紋別郡遠軽町白滝北支湧別,43,51.9,143,9.2,475,10,2.5,(昭50.9.25)平5.1.27,17955,－
ｵﾎｰﾂｸ,17501,四,生田原,ｲｸﾀﾊﾗ,紋別郡遠軽町生田原,43,55,143,31.9,199,10,2.5,#昭52.10.25,－,－
ｵﾎｰﾂｸ,17521,四,北見,ｷﾀﾐ,北見市広郷,43,46.6,143,50.5,104,10,2.5,#昭51.4.1,17925,－
ｵﾎｰﾂｸ,17546,四,小清水,ｺｼﾐｽﾞ,斜里郡小清水町字泉,43,50.5,144,29.1,52,10,1.5,#昭52.10.19,－,－
ｵﾎｰﾂｸ,17561,四,斜里,ｼｬﾘ,斜里郡斜里町以久科南,43,53.1,144,42,15,10,2.5,#昭52.10.19,17940,－
ｵﾎｰﾂｸ,17596,四,留辺蘂,ﾙﾍﾞｼﾍﾞ,北見市留辺蘂町大和,43,44.5,143,27,325,10,2.5,#昭53.11.1,17930,－
ｵﾎｰﾂｸ,17607,四,境野,ｻｶｲﾉ,常呂郡置戸町豊住,43,42.4,143,38.6,184,10,2.5,昭52.10.25,－,－
ｵﾎｰﾂｸ,17631,四,美幌,ﾋﾞﾎﾛ,網走郡美幌町福住,43,46.2,144,10.3,60,10.1,1.5,#昭52.10.20,－,－
ｵﾎｰﾂｸ,17717,四,津別,ﾂﾍﾞﾂ,網走郡津別町豊永,43,42.1,144,2,100,10,2.5,昭63.10.4,17950,－
根室,18038,四,羅臼,ﾗｳｽ,目梨郡羅臼町栄町,44,1.4,145,11.2,15,9.5,1.5,平17.11.1,18925,－
根室,18136,四,標津,ｼﾍﾞﾂ,標津郡標津町北2条西,43,39.7,145,7.9,3,8,2.2,#昭52.10.18,－,－
根室,18161,四,上標津,ｶﾐｼﾍﾞﾂ,標津郡中標津町字上標津,43,31.2,144,44.8,181,6.5,2.2,平15.10.16,－,－
根室,18171,四,中標津,ﾅｶｼﾍﾞﾂ,標津郡中標津町桜ケ丘,43,32.6,144,58.7,50,6.5,1.5,#昭52.10.18,18910,－
根室,18256,四,別海,ﾍﾞﾂｶｲ,野付郡別海町川上町,43,22.9,145,7.1,23,10,2.2,#昭52.10.14,18915,－
根室,18273,官,根室,ﾈﾑﾛ,根室市弥栄町　根室特別地域気象観測所,43,19.8,145,35.1,25,29.2,－,平5.8.26,18917,－
根室,18281,四,納沙布,ﾉｻｯﾌﾟ,根室市温根元,43,23.6,145,45.5,12,6.5,1.5,(昭50.5.29)昭52.10.13,－,－
根室,18311,四,厚床,ｱｯﾄｺ,根室市西厚床,43,13.3,145,13.6,41,10,1.5,昭52.10.14,18920,－
釧路,19021,四,川湯,ｶﾜﾕ,川上郡弟子屈町川湯駅前,43,37,144,27.4,158,9.5,1.5,#昭52.10.6,19900,－
釧路,19051,四,弟子屈,ﾃｼｶｶﾞ,川上郡弟子屈町弟子屈原野,43,30.6,144,28,170,10,1.5,昭52.10.6,－,－
釧路,19076,四,阿寒湖畔,ｱｶﾝｺﾊﾝ,釧路市阿寒町阿寒湖温泉,43,26.2,144,5.1,450,9.9,1.5,#昭52.10.7,19910,－
釧路,19151,四,標茶,ｼﾍﾞﾁｬ,川上郡標茶町開運,43,17.5,144,35.2,20,10,1.5,#昭52.10.11,19915,－
釧路,19191,四,鶴居,ﾂﾙｲ,阿寒郡鶴居村鶴居東,43,13.9,144,19.5,38,6.5,1.5,昭52.10.5,19920,－
釧路,19261,四,中徹別,ﾅｶﾃｼﾍﾞﾂ,釧路市阿寒町徹別中央34線,43,11.9,144,8.5,80,10,1.5,#昭52.10.7,19925,－
釧路,19311,四,榊町,ｻｶｷﾏﾁ,厚岸郡浜中町榊町,43,7.2,145,6.6,2,9.5,1.5,昭52.10.12,－,－
釧路,19376,四,太田,ｵｵﾀ,厚岸郡厚岸町太田,43,5.4,144,46.7,85,10,1.5,昭52.10.11,19930,－
釧路,19416,四,白糠,ｼﾗﾇｶ,白糠郡白糠町西2条北,42,58.2,144,3.7,9,10,1.5,#昭52.10.5,19940,－
釧路,19432,官,釧路,ｸｼﾛ,釧路市幸町　釧路地方気象台,42,59.1,144,22.6,5,66.1,－,平12.10.5,19950,－
釧路,19451,四,知方学,ﾁｯﾎﾟﾏﾅｲ,釧路郡釧路町仙鳳趾村知方学,42,56.3,144,44.1,149,6.6,1.5,昭53.10.27,－,－
十勝,20146,四,陸別,ﾘｸﾍﾞﾂ,足寄郡陸別町陸別原野分線,43,28.1,143,44.3,207,8.2,1.5,#昭52.10.21,20900,－
十勝,20186,四,ぬかびら源泉郷,ﾇｶﾋﾞﾗｹﾞﾝｾﾝｷｮｳ,河東郡上士幌町ぬかびら源泉郷北区,43,22,143,11.5,540,8.1,1.5,昭51.4.1,20910,－
十勝,20266,四,上士幌,ｶﾐｼﾎﾛ,河東郡上士幌町東4線,43,14.1,143,18.2,295,10,1.5,#昭52.10.20,20920,－
十勝,20276,四,足寄,ｱｼｮﾛ,足寄郡足寄町南1条,43,14.6,143,33.2,90,10,1.5,#昭52.10.21,－,－
十勝,20341,四,本別,ﾎﾝﾍﾞﾂ,中川郡本別町新町,43,7.9,143,36,67,8,1.5,#昭51.3.10,20935,－
十勝,20356,四,新得,ｼﾝﾄｸ,上川郡新得町4条南,43,4.6,142,50.4,178,8.3,1.5,#昭52.10.24,20930,－
十勝,20361,四,鹿追,ｼｶｵｲ,河東郡鹿追町緑町,43,6.2,142,59.7,206,8,1.5,#昭53.10.30,－,－
十勝,20371,四,駒場,ｺﾏﾊﾞ,河東郡音更町駒場北町,43,3,143,11,112,10,1.5,昭52.10.20,－,－
十勝,20421,四,芽室,ﾒﾑﾛ,河西郡芽室町西3条南,42,54,143,2.6,90,10,1.5,#昭52.10.24,20940,－
十勝,20432,官,帯広,ｵﾋﾞﾋﾛ,帯広市東4条南　帯広測候所,42,55.3,143,12.7,38,－,－,平10.1.28,20943,気温、雨
十勝,20441,四,池田,ｲｹﾀﾞ,中川郡池田町清見,42,55.2,143,27.5,42,10,1.5,#昭52.10.26,－,－
十勝,20506,四,浦幌,ｳﾗﾎﾛ,十勝郡浦幌町桜町,42,48.5,143,39.4,20,8.3,1.5,#昭52.10.27,20945,－
十勝,20556,四,糠内,ﾇｶﾅｲ,中川郡幕別町五位,42,47.2,143,19.7,70,10,1.5,昭53.10.30,－,－
十勝,20601,四,上札内,ｶﾐｻﾂﾅｲ,河西郡中札内村元札内西1線,42,38.5,143,5.8,251,10,1.5,昭52.10.25,20950,－
十勝,20606,四,更別,ｻﾗﾍﾞﾂ,河西郡更別村更別南2線,42,39.1,143,11.7,185,10,1.5,昭52.10.25,－,－
十勝,20631,四,大津,ｵｵﾂ,中川郡豊頃町大津寿町,42,41.2,143,38.8,4,10,1.5,昭52.10.27,－,－
十勝,20696,四,大樹,ﾀｲｷ,広尾郡大樹町柏木町,42,30,143,16.4,87,10,1.5,#昭52.10.26,20960,－
十勝,20751,官,広尾,ﾋﾛｵ,広尾郡広尾町並木通東　広尾特別地域気象観測所,42,17.6,143,19,32,20.1,－,#昭50.12.19,20965,－
胆振,21111,四,厚真,ｱﾂﾏ,勇払郡厚真町朝日,42,43.8,141,53.3,20,10,1.5,#昭52.10.5,－,－
胆振,21126,四,穂別,ﾎﾍﾞﾂ,勇払郡むかわ町穂別,42,45.7,142,8.6,56,10,1.5,#昭52.10.5,21905,－
胆振,21161,四,大滝,ｵｵﾀｷ,伊達市大滝区本町,42,40.2,141,4.7,390,10,2.5,(昭50.6.3)昭52.10.7,21910,－
胆振,21171,四,森野,ﾓﾘﾉ,白老郡白老町森野,42,37.8,141,14.8,170,10,1.5,#昭52.10.27,－,－
胆振,21187,官,苫小牧,ﾄﾏｺﾏｲ,苫小牧市しらかば町　苫小牧特別地域気象観測所,42,37.4,141,32.8,6,20.2,－,昭63.6.25,21913,－
胆振,21226,四,大岸,ｵｵｷｼ,虻田郡豊浦町大岸,42,35.4,140,38.6,4,10,1.5,#昭52.10.11,21915,－
胆振,21261,四,白老,ｼﾗｵｲ,白老郡白老町高砂町,42,32.6,141,21.1,6,6.5,1.5,#昭52.10.6,21920,－
胆振,21276,四,鵡川,ﾑｶﾜ,勇払郡むかわ町豊城,42,35.4,141,56,10,6.5,1.5,#昭53.10.26,－,－
胆振,21297,四,伊達,ﾀﾞﾃ,伊達市館山下町,42,28.5,140,50.9,3,10,1.5,#昭52.10.11,－,－
胆振,21312,四,登別,ﾉﾎﾞﾘﾍﾞﾂ,登別市札内町,42,27.5,141,7.1,197,10,1.5,#昭58.8.10,21925,－
胆振,21323,官,室蘭,ﾑﾛﾗﾝ,室蘭市山手町　室蘭地方気象台,42,18.7,140,58.5,40,18.2,－,#昭60.7.1,21930,－
日高,22036,四,日高,ﾋﾀﾞｶ,沙流郡日高町本町東,42,52.6,142,26.5,280,10,1.5,昭52.10.19,22900,－
日高,22141,四,日高門別,ﾋﾀﾞｶﾓﾝﾍﾞﾂ,沙流郡日高町字富浜,42,29.8,142,3.2,47,10,1.5,#昭51.3.11,－,－
日高,22156,四,新和,ｼﾝﾜ,新冠郡新冠町新和,42,32.6,142,20,60,10,1.9,#昭52.10.18,－,－
日高,22241,四,静内,ｼｽﾞﾅｲ,日高郡新ひだか町静内山手町,42,20.6,142,21.7,10,9.6,1.5,#昭52.10.17,22920,－
日高,22291,四,三石,ﾐﾂｲｼ,日高郡新ひだか町三石美野和,42,14.7,142,39.7,10,10,1.5,昭52.10.17,－,－
日高,22306,四,中杵臼,ﾅｶｷﾈｳｽ,浦河郡浦河町上杵臼,42,13.4,142,56.9,80,10,1.5,昭53.10.31,22910,－
日高,22327,官,浦河,ｳﾗｶﾜ,浦河郡浦河町潮見町　浦河特別地域気象観測所,42,9.7,142,46.6,37,18.1,－,#昭58.3.1,22913,－
日高,22391,四,えりも岬,ｴﾘﾓﾐｻｷ,幌泉郡えりも町東洋,41,55.5,143,14.6,63,8,1.5,昭53.12.27,－,－
渡島,23031,四,長万部,ｵｼｬﾏﾝﾍﾞ,山越郡長万部町栄原,42,31.4,140,22.9,10,10,1.5,#昭52.10.12,23900,－
渡島,23086,四,八雲,ﾔｸﾓ,二海郡八雲町本町,42,15.1,140,16.3,8,9.4,1.5,#昭52.10.12,23905,－
渡島,23166,四,森,ﾓﾘ,茅部郡森町姫川,42,4,140,35.3,125,8,1.5,平14.3.1,23925,－
渡島,23206,四,川汲,ｶｯｸﾐ,函館市川汲町,41,54.3,140,58.2,25,10,1.5,#昭52.10.13,－,－
渡島,23226,四,北斗,ﾎｸﾄ,北斗市本町,41,53.2,140,39.2,25,10,1.5,#昭52.10.13,－,－
渡島,23232,官,函館,ﾊｺﾀﾞﾃ,函館市美原　函館地方気象台,41,49,140,45.2,35,25.7,－,平4.7.23,23915,－
渡島,23326,四,木古内,ｷｺﾅｲ,上磯郡木古内町大平,41,41.2,140,26.7,6,10,1.5,(昭50.4.18)昭52.10.14,－,－
渡島,23376,四,松前,ﾏﾂﾏｴ,松前郡松前町建石,41,25.4,140,5.2,30,10,1.5,#昭52.10.14,－,－
渡島,24141,四,熊石,ｸﾏｲｼ,二海郡八雲町熊石根崎町,42,7.7,139,59.1,12,10,1.5,#昭52.10.18,24905,－
檜山,24041,四,せたな,ｾﾀﾅ,久遠郡せたな町瀬棚区本町,42,27,139,51.1,10,10,1.5,#昭52.10.19,－,－
檜山,24051,四,今金,ｲﾏｶﾈ,瀬棚郡今金町今金,42,25.7,140,0.5,19,10,1.5,#昭52.10.19,24900,－
檜山,24101,四,奥尻,ｵｸｼﾘ,奥尻郡奥尻町字稲穂,42,14.9,139,33.4,5,6.5,1.5,平12.1.28,－,－
檜山,24201,四,鶉,ｳｽﾞﾗ,檜山郡厚沢部町鶉町,41,55.8,140,18.7,53,10,1.5,昭52.10.18,24910,－
檜山,24217,官,江差,ｴｻｼ,檜山郡江差町姥神町　江差特別地域気象観測所,41,52,140,7.4,4,19.6,－,昭54.8.30,24915,－
青森,31001,四,大間,ｵｵﾏ,下北郡大間町大間字狼丁,41,31.6,140,54.7,14,10,2,(昭50.5.24)昭51.11.24,31900,－
青森,31111,官,むつ,ﾑﾂ,むつ市金曲　むつ特別地域気象観測所,41,17,141,12.6,3,11.1,－,#昭50.12.10,31903,－
青森,31121,四,小田野沢,ｵﾀﾞﾉｻﾜ,下北郡東通村小田野沢字中川目,41,14.1,141,23.8,6,10,1.5,昭51.11.22,－,－
青森,31136,四,今別,ｲﾏﾍﾞﾂ,東津軽郡今別町今別字中沢,41,10.8,140,28.9,30,10,1.5,(昭50.5.21)昭51.11.16,31905,－
青森,31156,四,脇野沢,ﾜｷﾉｻﾜ,むつ市脇野沢桂沢,41,8.7,140,49.3,15,10,1.5,昭51.11.25,31940,－
青森,31186,四,市浦,ｼｳﾗ,五所川原市相内,41,3.4,140,20.8,20,10,2,昭51.11.18,－,－
青森,31201,四,蟹田,ｶﾆﾀ,東津軽郡外ヶ浜町字蟹田鰐ケ淵,41,2.7,140,38,5,8.2,1.5,#昭51.11.17,－,－
青森,31296,四,五所川原,ｺﾞｼｮｶﾞﾜﾗ,五所川原市松島町,40,48.5,140,27.5,9,10,2,#昭51.11.19,31910,－
青森,31312,官,青森,ｱｵﾓﾘ,青森市花園　青森地方気象台,40,49.3,140,46.1,3,31.8,－,平元.12.1,31913,－
青森,31332,四,野辺地,ﾉﾍｼﾞ,上北郡野辺地町有戸鳥井平,40,53.1,141,9.6,14,10,2,平20.11.21,31916,－
青森,31336,四,六ケ所,ﾛｯｶｼｮ,上北郡六ケ所村倉内字笹崎,40,53.1,141,16.3,80,8.3,2,昭57.9.22,－,－
青森,31366,四,鰺ケ沢,ｱｼﾞｶﾞｻﾜ,西津軽郡鰺ケ沢町舞戸町字小夜,40,46.6,140,12.3,40,10,2,#昭51.11.22,31945,－
青森,31436,官,深浦,ﾌｶｳﾗ,西津軽郡深浦町大字深浦字岡町　深浦特別地域気象観測所,40,38.7,139,55.9,66,22.2,－,#昭50.3.22,31923,－
青森,31461,四,弘前,ﾋﾛｻｷ,弘前市和田町,40,36.7,140,27.3,30,10,1.5,#昭51.3.5,31920,－
青森,31466,四,黒石,ｸﾛｲｼ,黒石市馬場尻南,40,40,140,35.1,30,10,2,#昭51.11.22,－,－
青森,31482,四,酸ケ湯,ｽｶﾕ,青森市荒川字南荒川山国有林酸ケ湯沢,40,38.9,140,50.9,890,10,6,(昭50.11.27)昭51.11.15,31925,－
青森,31506,四,三沢,ﾐｻﾜ,三沢市東町,40,40.5,141,22.5,39,8.1,1.5,#昭51.11.15,－,－
青森,31586,四,十和田,ﾄﾜﾀﾞ,十和田市相坂字相坂,40,35.7,141,14.8,42,10,1.5,#昭51.11.16,31950,－
青森,31602,官,八戸,ﾊﾁﾉﾍ,八戸市湊町字館鼻　八戸特別地域気象観測所,40,31.6,141,31.3,27,－,－,平19.3.29,31953,気温、雨、日照
青森,31646,四,碇ケ関,ｲｶﾘｶﾞｾｷ,平川市碇ヶ関阿原,40,28.9,140,37.2,135,10,2,#昭51.11.24,31935,－
青森,31662,四,休屋,ﾔｽﾐﾔ,十和田市大字奥瀬字十和田湖畔休屋,40,25.6,140,53.9,414,10,2,昭57.10.15,－,－
青森,31721,四,三戸,ｻﾝﾉﾍ,三戸郡三戸町川守田字寺ノ沢,40,23,141,15.4,60,10,1.5,#昭51.11.28,31955,－
秋田,32056,四,八森,ﾊﾁﾓﾘ,山本郡八峰町八森字チコキ,40,24.8,139,56.9,34,10,2,(昭50.5.24)昭51.11.27,－,－
秋田,32111,四,能代,ﾉｼﾛ,能代市緑町,40,11.9,140,1.9,6,19,2,#昭51.11.30,32900,－
秋田,32126,四,鷹巣,ﾀｶﾉｽ,北秋田市旭町,40,13.6,140,22.3,29,10.4,2.5,#昭51.4.1,32905,－
秋田,32136,四,大館,ｵｵﾀﾞﾃ,大館市出川字上野,40,15.1,140,30.3,49,10,2.5,#昭51.11.25,－,－
秋田,32146,四,鹿角,ｶﾂﾞﾉ,鹿角市花輪字荒田,40,12.9,140,47.2,123,10,2.5,#昭51.11.26,32910,－
秋田,32206,四,湯瀬,ﾕｾﾞ,鹿角市八幡平湯瀬字一羽根,40,7.2,140,50.4,214,10,2.5,#昭51.11.27,－,－
秋田,32266,四,八幡平,ﾊﾁﾏﾝﾀｲ,鹿角市八幡平字熊沢外8国有林,40,0.8,140,48.1,578,10,3.5,昭53.11.7,－,－
秋田,32286,四,男鹿,ｵｶﾞ,男鹿市脇本脇本字上野,39,54.7,139,54,20,6.5,1.5,(昭50.5.23)昭51.11.24,－,－
秋田,32287,四,大潟,ｵｵｶﾞﾀ,南秋田郡大潟村大潟,40,0,139,57,-3,10,1.5,(昭50.5.23)昭51.11.25,－,－
秋田,32296,四,五城目,ｺﾞｼﾞｮｳﾒ,南秋田郡五城目町上樋口字屋岸,39,56.3,140,6.9,6,6.5,2,#昭51.11.26,32915,－
秋田,32311,四,阿仁合,ｱﾆｱｲ,北秋田市阿仁水無字畑町東裏,39,59.6,140,24.2,120,6.5,3.5,昭51.12.7,32920,－
秋田,32402,官,秋田,ｱｷﾀ,秋田市山王　秋田地方気象台,39,43,140,5.9,6,40.8,－,平元.10.30,32927,－
秋田,32407,四,岩見三内,ｲﾜﾐｻﾝﾅｲ,秋田市河辺三内字外川原,39,42.4,140,17.2,41,10,2.5,#昭51.11.25,－,－
秋田,32466,四,角館,ｶｸﾉﾀﾞﾃ,仙北市角館町小勝田鵜の崎,39,36.2,140,33.4,56,10,2,#昭51.11.18,32930,－
秋田,32476,四,田沢湖,ﾀｻﾞﾜｺ,仙北市田沢湖生保内字宮の後,39,41.9,140,43.9,230,6.5,2,#昭51.11.19,－,－
秋田,32496,四,大正寺,ﾀﾞｲｼｮｳｼﾞ,秋田市雄和新波字寺沢,39,31.6,140,14,20,6.5,2,(昭50.5.27)昭51.11.20,32935,－
秋田,32551,四,大曲,ｵｵﾏｶﾞﾘ,大仙市四ツ屋字下古道,39,29.4,140,29.7,30,10,2,#昭51.11.17,－,－
秋田,32571,四,本荘,ﾎﾝｼﾞｮｳ,由利本荘市埋田字用堰南,39,21.6,140,3.3,11,6.5,1.5,#昭51.11.20,32940,－
秋田,32581,四,東由利,ﾋｶﾞｼﾕﾘ,由利本荘市東由利老方字後田,39,18.3,140,17.3,117,10,2.5,昭51.11.17,－,－
秋田,32596,四,横手,ﾖｺﾃ,横手市横手町大樋,39,19.2,140,33.3,59,10,2.5,#昭51.4.1,32945,－
秋田,32616,四,にかほ,ﾆｶﾎ,にかほ市金浦字南金浦,39,15.3,139,54.8,7,10,1.5,#昭51.11.19,－,－
秋田,32626,四,矢島,ﾔｼﾏ,由利本荘市矢島町城内字築館,39,14.1,140,8.2,46,10,2.5,#昭51.11.18,32950,－
秋田,32691,四,湯沢,ﾕｻﾞﾜ,湯沢市金谷字樋ノ口,39,11.2,140,27.8,74,10,2.5,#昭51.11.16,32960,－
秋田,32771,四,湯の岱,ﾕﾉﾀｲ,湯沢市秋の宮字湯の岱,38,57.6,140,31.7,335,6.5,3,#昭51.11.15,32955,－
岩手,33006,四,種市,ﾀﾈｲﾁ,九戸郡洋野町種市第21地割,40,24.2,141,42,70,6.5,2,#昭51.11.20,－,－
岩手,33026,四,軽米,ｶﾙﾏｲ,九戸郡軽米町軽米第3地割字中坪,40,19,141,28.4,153,10,2,#昭51.11.21,－,－
岩手,33071,四,二戸,ﾆﾉﾍ,二戸市堀野字馬場,40,17.9,141,17.9,87,6.5,2,#昭51.11.22,33905,－
岩手,33136,四,山形,ﾔﾏｶﾞﾀ,久慈市山形町川井,40,8.9,141,34.3,290,10,2.5,昭52.10.31,－,－
岩手,33146,四,久慈,ｸｼﾞ,久慈市小久慈町第24地割,40,10.1,141,44.9,13,10,2,#昭51.11.19,33960,－
岩手,33166,四,荒屋,ｱﾗﾔ,八幡平市叺田,40,6.2,141,3,290,10,2,昭51.12.14,－,－
岩手,33176,四,奥中山,ｵｸﾅｶﾔﾏ,二戸郡一戸町小繋字西田子,40,3.6,141,13.5,430,10,2,昭52.10.27,33915,－
岩手,33186,四,葛巻,ｸｽﾞﾏｷ,岩手郡葛巻町葛巻第7地割字元町,40,2.4,141,27.4,418,10,2,#昭51.12.13,33920,－
岩手,33206,四,普代,ﾌﾀﾞｲ,下閉伊郡普代村第13地割字普代,40,0.2,141,53,8,9.4,2,昭51.11.22,－,－
岩手,33226,四,岩手松尾,ｲﾜﾃﾏﾂｵ,八幡平市野駄,39,57.1,141,3.9,275,10,2,#昭51.12.1,33910,－
岩手,33296,四,好摩,ｺｳﾏ,盛岡市好摩字芋田向,39,52.1,141,10,205,10,2,(昭50.5.22)昭51.12.14,－,－
岩手,33326,四,岩泉,ｲﾜｲｽﾞﾐ,下閉伊郡岩泉町岩泉字中家,39,50.8,141,47.7,105,10,2.5,#昭51.11.24,33965,－
岩手,33336,四,小本,ｵﾓﾄ,下閉伊郡岩泉町小本字下中野,39,50.8,141,57.8,3,10,2,昭52.10.26,－,－
岩手,33371,四,薮川,ﾔﾌﾞｶﾜ,盛岡市薮川字外山,39,47,141,19.7,680,10,2.5,(昭50.11.13)昭51.11.25,－,－
岩手,33421,四,雫石,ｼｽﾞｸｲｼ,岩手郡雫石町第40地割字千刈田,39,41.8,140,58.5,195,8.5,2.5,#昭51.11.26,33925,－
岩手,33431,官,盛岡,ﾓﾘｵｶ,盛岡市山王町　盛岡地方気象台,39,41.9,141,9.9,155,15.5,－,#昭50.4.1,33927,－
岩手,33441,四,区界,ｸｻﾞｶｲ,宮古市区界第2地割,39,39,141,21.2,760,10,2.5,平5.10.7,33955,－
岩手,33472,官,宮古,ﾐﾔｺ,宮古市鍬ケ崎下町　宮古特別地域気象観測所,39,38.8,141,57.9,43,20.3,－,平2.10.18,33933,－
岩手,33486,四,沢内,ｻﾜｳﾁ,和賀郡西和賀町沢内字貝沢4地割,39,32.9,140,50.6,407,10,3,平29.7.11,－,－
岩手,33501,四,紫波,ｼﾜ,紫波郡紫波町稲藤字七郷,39,32.8,141,7.6,125,10,2,昭52.1.1,－,－
岩手,33526,四,川井,ｶﾜｲ,宮古市川井,39,35.9,141,40.9,192,6.5,2,昭52.12.2,－,－
岩手,33581,四,大迫,ｵｵﾊｻﾏ,花巻市大迫町大迫第13地割,39,28.2,141,16.7,150,10,2,#昭51.11.18,－,－
岩手,33616,四,山田,ﾔﾏﾀﾞ,下閉伊郡山田町織笠第11地割,39,27,141,57.4,24,6.5,2,(昭50.5.22)昭51.11.19,－,－
岩手,33631,四,湯田,ﾕﾀﾞ,和賀郡西和賀町上野々第39地割,39,18.6,140,46.6,250,10,3.5,#昭51.2.26,33935,－
岩手,33671,四,遠野,ﾄｵﾉ,遠野市松崎町白岩24地割,39,20.3,141,32.6,275,10,2,#昭51.11.22,33930,－
岩手,33716,四,北上,ｷﾀｶﾐ,北上市芳町,39,17.3,141,6.6,61,6.5,2,#昭51.12.4,33940,－
岩手,33751,四,釜石,ｶﾏｲｼ,釜石市港町,39,16.2,141,52.7,5,10,2,#昭51.11.20,－,－
岩手,33776,四,若柳,ﾜｶﾔﾅｷﾞ,奥州市胆沢若柳字倉舘,39,8.4,141,3.8,97,10,2,#昭51.11.26,－,－
岩手,33781,四,江刺,ｴｻｼ,奥州市江刺愛宕字八日市,39,11,141,9.7,42,10,2,#昭51.11.25,－,－
岩手,33801,四,住田,ｽﾐﾀ,気仙郡住田町世田米字川向,39,8.5,141,34.4,80,10,2,昭52.10.20,－,－
岩手,33877,官,大船渡,ｵｵﾌﾅﾄ,大船渡市大船渡町字赤沢　大船渡特別地域気象観測所,39,3.8,141,42.8,37,22.2,－,#平2.3.15,33947,－
岩手,33911,四,一関,ｲﾁﾉｾｷ,一関市竹山町,38,56,141,7.5,32,10,2,#昭51.2.15,33950,－
岩手,33921,四,千厩,ｾﾝﾏﾔ,一関市千厩町千厩字北方,38,55.3,141,19.8,120,10,2,#昭51.11.27,－,－
宮城,34012,四,駒ノ湯,ｺﾏﾉﾕ,栗原市栗駒沼倉耕英南,38,54.8,140,49.7,525,6.5,2.5,昭51.11.29,34906,－
宮城,34026,四,気仙沼,ｹｾﾝﾇﾏ,気仙沼市舘山,38,54.4,141,33.4,62,10,1.5,#昭51.12.2,－,－
宮城,34096,四,川渡,ｶﾜﾀﾋﾞ,大崎市鳴子温泉字蓬田,38,44.6,140,45.6,170,10,2,昭51.12.4,34900,－
宮城,34111,四,築館,ﾂｷﾀﾞﾃ,栗原市築館左足下,38,44.1,141,0.3,25,6.5,2.5,#昭51.2.23,－,－
宮城,34171,四,米山,ﾖﾈﾔﾏ,登米市米山町西野字的場,38,37.6,141,11.3,5,6.5,2,(昭50.5.21)昭51.11.30,－,－
宮城,34186,四,志津川,ｼﾂﾞｶﾞﾜ,本吉郡南三陸町志津川字城場,38,40.9,141,26.9,39,10,2,#昭51.12.1,－,－
宮城,34216,四,古川,ﾌﾙｶﾜ,大崎市古川大崎字富国,38,35.9,140,54.7,28,6.5,1.5,#昭51.12.3,34910,－
宮城,34266,四,大衡,ｵｵﾋﾗ,黒川郡大衡村松の平,38,28.4,140,53.3,57,10,1.5,#昭51.12.3,－,－
宮城,34276,四,鹿島台,ｶｼﾏﾀﾞｲ,大崎市鹿島台広長字内の浦,38,27.6,141,5.5,3,10,2,#昭51.12.1,－,－
宮城,34292,官,石巻,ｲｼﾉﾏｷ,石巻市泉町　石巻特別地域気象観測所,38,25.6,141,17.9,43,28.6,－,平2.1.25,34913,－
宮城,34311,四,新川,ﾆｯｶﾜ,仙台市青葉区新川字清水尻,38,18.2,140,38.2,265,10,2,#昭51.11.30,34915,－
宮城,34331,四,塩釜,ｼｵｶﾞﾏ,塩竈市伊保石,38,20.3,141,0.8,105,10,1.5,(昭50.5.21)昭51.11.30,－,－
宮城,34361,四,江ノ島,ｴﾉｼﾏ,牡鹿郡女川町江島字荒藪,38,23.9,141,35.8,40,－,1.5,昭53.11.21,－,気温、雨
宮城,34392,官,仙台,ｾﾝﾀﾞｲ,仙台市宮城野区五輪　仙台管区気象台,38,15.7,140,53.8,39,52.6,－,#昭57.3.1,34917,－
宮城,34461,四,白石,ｼﾛｲｼ,白石市福岡長袋字湯殿山,38,0.9,140,36.7,86,10,2,#昭51.11.25,34920,－
宮城,34462,四,蔵王,ｻﾞｵｳ,刈田郡蔵王町大字平沢字内屋敷,38,7.6,140,40.8,112,6.5,2,平17.10.27,－,－
宮城,34471,四,亘理,ﾜﾀﾘ,亘理郡亘理町字油田,38,1.5,140,51.5,4,10,1.5,#昭51.11.29,－,－
宮城,34506,四,丸森,ﾏﾙﾓﾘ,伊具郡丸森町舘矢間舘山字新賢中,37,55.9,140,46.7,18,10,1.5,昭52.11.4,－,－
山形,35002,四,飛島,ﾄﾋﾞｼﾏ,酒田市飛島字勝浦乙,39,11,139,32.6,58,20.5,1.5,昭62.11.10,－,－
山形,35052,官,酒田,ｻｶﾀ,酒田市亀ケ崎　酒田特別地域気象観測所,38,54.5,139,50.6,3,26.6,－,#昭59.2.9,35955,－
山形,35071,四,差首鍋,ｻｽﾅﾍﾞ,最上郡真室川町差首鍋,38,55.1,140,12,88,9,3.5,#昭51.11.30,－,－
山形,35116,四,金山,ｶﾈﾔﾏ,最上郡金山町金山字本町,38,52.7,140,19.9,170,10,1.5,#昭51.11.29,35900,－
山形,35141,四,鶴岡,ﾂﾙｵｶ,鶴岡市錦町,38,44.1,139,49.7,16,6.5,1.5,#昭51.12.2,－,－
山形,35146,四,狩川,ｶﾘｶﾜ,東田川郡庄内町狩川字矢倉,38,48,139,58.4,17,10,3,#昭51.12.2,35905,－
山形,35162,官,新庄,ｼﾝｼﾞｮｳ,新庄市東谷地田町　新庄特別地域気象観測所,38,45.4,140,18.7,105,31.6,－,#昭60.11.1,35907,－
山形,35176,四,向町,ﾑｶｲﾏﾁ,最上郡最上町向町,38,45.5,140,31,212,10,3.5,(昭49.12.18)昭51.11.26,35950,－
山形,35216,四,肘折,ﾋｼﾞｵﾘ,最上郡大蔵村南山,38,36.4,140,9.8,330,8.5,1.5,昭51.11.27,35920,－
山形,35231,四,尾花沢,ｵﾊﾞﾅｻﾞﾜ,尾花沢市新町,38,36.5,140,24.7,106,9,2.5,(昭50.5.23)昭51.3.8,35915,－
山形,35246,四,鼠ケ関,ﾈｽﾞｶﾞｾｷ,鶴岡市鼠ケ関字横路,38,34,139,33.1,18,10,2,(昭50.5.23)昭51.12.3,－,－
山形,35332,四,村山,ﾑﾗﾔﾏ,村山市大字大久保字寄込,38,27.6,140,20.9,80,6.5,1.5,平14.6.4,－,－
山形,35361,四,大井沢,ｵｵｲｻﾜ,西村山郡西川町大井沢字中村,38,23.4,139,59.6,440,10,1.5,昭53.12.20,35925,－
山形,35376,四,左沢,ｱﾃﾗｻﾞﾜ,西村山郡大江町本郷字下夕原己,38,22.2,140,11.5,133,6.5,2,#昭51.12.3,35945,－
山形,35426,官,山形,ﾔﾏｶﾞﾀ,山形市緑町　山形地方気象台,38,15.3,140,20.7,153,14.9,－,#昭50.3.17,35927,－
山形,35456,四,長井,ﾅｶﾞｲ,長井市平山,38,6.3,140,0.9,210,9,3,#昭51.12.10,35930,－
山形,35486,四,小国,ｵｸﾞﾆ,西置賜郡小国町増岡字下林,38,4.7,139,44.1,140,10,4,#昭51.12.8,35935,－
山形,35511,四,高畠,ﾀｶﾊﾀ,東置賜郡高畠町安久津字加茂川原,38,0.2,140,12.4,220,10,1.5,昭51.12.9,－,－
山形,35541,四,高峰,ﾀｶﾐﾈ,西置賜郡飯豊町高峰,37,59.9,139,57.4,250,10.4,1.5,#昭51.11.22,－,－
山形,35552,四,米沢,ﾖﾈｻﾞﾜ,米沢市アルカディア,37,54.7,140,8.6,245,9.4,1.5,平17.12.1,35940,－
福島,36056,四,茂庭,ﾓﾆﾜ,福島市飯坂町茂庭字滑滝道,37,53.5,140,26.2,200,6.5,3,平4.10.23,36950,－
福島,36066,四,梁川,ﾔﾅｶﾞﾜ,伊達市梁川町粟野字作田,37,51.1,140,35.3,43,9.4,1.5,#昭51.12.6,－,－
福島,36106,四,桧原,ﾋﾊﾞﾗ,耶麻郡北塩原村桧原字墓下,37,43.3,140,3.5,824,9.4,4,昭53.10.26,－,－
福島,36126,官,福島,ﾌｸｼﾏ,福島市松木町　福島地方気象台,37,45.5,140,28.2,67,26.1,－,#昭50.3.13,36955,－
福島,36151,四,相馬,ｿｳﾏ,相馬市成田字五郎右エ門橋,37,47,140,55.5,9,6.5,1.5,#昭51.12.7,－,－
福島,36176,四,喜多方,ｷﾀｶﾀ,喜多方市字押切,37,39.5,139,51.8,212,10,3.5,#昭51.12.13,－,－
福島,36196,四,鷲倉,ﾜｼｸﾗ,福島市土湯温泉町字鷲倉山国有林,37,40.1,140,15.6,1220,6.5,3,昭51.11.16,－,－
福島,36221,四,飯舘,ｲｲﾀﾃ,相馬郡飯舘村飯樋字笠石,37,39.9,140,43.6,463,10,1.5,昭51.12.4,－,－
福島,36251,四,西会津,ﾆｼｱｲﾂﾞ,耶麻郡西会津町尾野本字樋ノ口原乙,37,35.3,139,39.4,165,10,3.5,(昭50.5.21)昭51.11.24,36905,－
福島,36276,四,猪苗代,ｲﾅﾜｼﾛ,耶麻郡猪苗代町大字千代田字中島,37,33.1,140,6.5,519,10,3.5,#昭51.11.30,36910,－
福島,36291,四,二本松,ﾆﾎﾝﾏﾂ,二本松市金色久保,37,35,140,25.8,235,10,1.5,#昭51.12.3,－,－
福島,36342,四,金山,ｶﾈﾔﾏ,大沼郡金山町大字中川字沖根原,37,28.4,139,31.7,296,10,4.5,平19.12.19,36921,－
福島,36361,官,若松,ﾜｶﾏﾂ,会津若松市材木町　若松特別地域気象観測所,37,29.3,139,54.6,212,19.1,－,#昭50.3.17,36923,－
福島,36391,四,船引,ﾌﾈﾋｷ,田村市船引町船引字新房院,37,26.1,140,34.6,421,6.5,1.5,#昭51.12.2,－,－
福島,36411,四,浪江,ﾅﾐｴ,双葉郡浪江町川添字北上の原,37,29.5,140,57.9,47,10,1.5,#昭51.12.8,－,－
福島,36426,四,只見,ﾀﾀﾞﾐ,南会津郡只見町只見字原,37,20.6,139,18.8,377,10.5,4.5,昭51.7.20,36915,－
福島,36476,四,郡山,ｺｵﾘﾔﾏ,郡山市安積町成田字東丸山,37,22.1,140,19.8,249,6.5,1.5,#昭51.3.12,－,－
福島,36501,四,川内,ｶﾜｳﾁ,双葉郡川内村上川内字小山平,37,20.2,140,48.5,410,10,1.5,昭51.11.30,－,－
福島,36536,四,南郷,ﾅﾝｺﾞｳ,南会津郡南会津町界字梨木平,37,15.9,139,32.2,494,8,4.5,#昭51.11.19,36925,－
福島,36562,四,湯本,ﾕﾓﾄ,岩瀬郡天栄村田良尾字持石,37,16.6,140,3.8,640,9.9,2.5,昭63.10.5,36945,－
福島,36591,四,小野新町,ｵﾉﾆｲﾏﾁ,田村郡小野町小野新町字舘廻,37,17.2,140,37.5,433,10,1.5,#昭51.12.1,－,－
福島,36611,四,広野,ﾋﾛﾉ,双葉郡広野町下北迫字大谷地原,37,14,141,0,43,10,1.5,(昭50.5.22)昭51.12.13,－,－
福島,36641,四,田島,ﾀｼﾞﾏ,南会津郡南会津町田島字東下原,37,12.4,139,47.7,544,10,3,#昭51.11.18,36935,－
福島,36667,官,白河,ｼﾗｶﾜ,白河市郭内　白河特別地域気象観測所,37,7.9,140,12.9,355,45.3,－,平6.1.28,36937,－
福島,36676,四,石川,ｲｼｶﾜ,石川郡石川町双里字本宮,37,8.8,140,27.6,290,10,1.5,#昭51.11.26,－,－
福島,36716,四,桧枝岐,ﾋﾉｴﾏﾀ,南会津郡檜枝岐村字上河原,37,0.6,139,22.5,973,10,4.5,昭53.10.31,36940,－
福島,36821,四,東白川,ﾋｶﾞｼｼﾗｶﾜ,東白川郡塙町大字上石井字新田,36,56.3,140,24.5,183,6.5,1.5,#昭51.11.25,－,－
福島,36836,四,山田,ﾔﾏﾀﾞ,いわき市山田町大谷,36,56,140,44,25,10,1.5,平21.3.6,－,－
福島,36846,官,小名浜,ｵﾅﾊﾏ,いわき市小名浜字船引場　小名浜特別地域気象観測所,36,56.8,140,54.2,3,－,－,#昭50.3.17,－,気温、雨、日照
茨城,40046,四,北茨城,ｷﾀｲﾊﾞﾗｷ,北茨城市関南町関本下,36,50,140,46.3,5,10,1.5,#昭53.1.18,－,－
茨城,40061,四,大子,ﾀﾞｲｺﾞ,久慈郡大子町大子,36,46.7,140,20.7,120,10,1.5,#昭53.1.13,－,－
茨城,40091,四,常陸大宮,ﾋﾀﾁｵｵﾐﾔ,常陸大宮市上小瀬,36,36.4,140,19.5,95,6.5,1.5,昭53.12.20,－,－
茨城,40136,四,日立,ﾋﾀﾁ,日立市会瀬町,36,34.8,140,38.7,34,10,1.5,(昭50.5.20)昭53.1.18,－,－
茨城,40191,四,笠間,ｶｻﾏ,笠間市箱田,36,23.7,140,14.4,72,10,1.5,#昭53.1.31,－,－
茨城,40201,官,水戸,ﾐﾄ,水戸市金町　水戸地方気象台,36,22.8,140,28,29,14.9,－,#昭50.3.3,40900,－
茨城,40221,四,古河,ｺｶﾞ,古河市北町,36,12.1,139,43,20,10,1.5,#昭53.1.11,－,－
茨城,40231,四,下館,ｼﾓﾀﾞﾃ,筑西市西石田,36,16.9,139,59.3,24,6.5,1.5,平13.12.10,－,－
茨城,40281,四,下妻,ｼﾓﾂﾏ,下妻市二本紀,36,10.1,139,56.7,20,10,1.5,#昭53.1.11,－,－
茨城,40311,四,鉾田,ﾎｺﾀ,鉾田市安房,36,10.1,140,31.6,32,10,1.5,昭53.1.31,－,－
茨城,40336,官,つくば,ﾂｸﾊﾞ,つくば市長峰　高層気象台,36,3.4,140,7.5,25,20.4,－,平2.3.9,40905,－
茨城,40341,四,土浦,ﾂﾁｳﾗ,土浦市木田余東台,36,6.2,140,13.2,26,10,1.5,#昭53.1.12,－,－
茨城,40406,四,鹿嶋,ｶｼﾏ,鹿嶋市城山,35,57.8,140,37.3,37,10,1.5,#昭53.1.17,－,－
茨城,40426,四,龍ケ崎,ﾘｭｳｶﾞｻｷ,龍ケ崎市大徳町,35,53.4,140,12.7,4,9.4,1.5,(昭50.5.20)昭53.12.19,－,－
栃木,41011,四,那須高原,ﾅｽｺｳｹﾞﾝ,那須郡那須町大島,37,7.4,140,2.1,749,6.6,1.5,#昭52.11.9,41900,－
栃木,41076,四,五十里,ｲｶﾘ,日光市五十里堀割,36,55.3,139,41.7,620,10,1.5,(昭50.5.20)昭52.11.10,－,－
栃木,41091,四,黒磯,ｸﾛｲｿ,那須塩原市埼玉,36,58.9,140,1.1,343,10,1.5,#昭52.12.26,－,－
栃木,41116,四,土呂部,ﾄﾞﾛﾌﾞ,日光市土呂部,36,53.5,139,34.1,925,10,1.5,昭52.11.10,41905,－
栃木,41141,四,大田原,ｵｵﾀﾜﾗ,大田原市宇田川,36,50.4,140,2.1,188,10,1.5,#昭51.2.20,－,－
栃木,41166,官,奥日光,ｵｸﾆｯｺｳ,日光市中宮祠　日光特別地域気象観測所,36,44.3,139,30,1292,11.3,－,#昭50.11.27,41910,－
栃木,41171,四,今市,ｲﾏｲﾁ,日光市瀬川,36,43.6,139,40.6,414,10,1.5,昭53.12.21,－,－
栃木,41181,四,塩谷,ｼｵﾔ,塩谷郡塩谷町大字田所,36,45.4,139,53,225,10.5,1.5,昭53.12.21,－,－
栃木,41247,四,那須烏山,ﾅｽｶﾗｽﾔﾏ,那須烏山市森田字小塙前,36,38.5,140,7,82,10.5,1.5,平21.2.24,－,－
栃木,41271,四,鹿沼,ｶﾇﾏ,鹿沼市見野,36,35.5,139,44.1,165,10.5,1.5,#昭53.1.9,－,－
栃木,41277,官,宇都宮,ｳﾂﾉﾐﾔ,宇都宮市明保野町　宇都宮地方気象台,36,32.9,139,52.1,119,49.4,－,平元.12.20,41915,－
栃木,41331,四,真岡,ﾓｵｶ,真岡市下籠谷,36,28.6,139,59.2,91,10,1.5,#昭53.1.10,－,－
栃木,41361,四,佐野,ｻﾉ,佐野市田沼町,36,21.8,139,34.2,68,10.8,1.5,(昭50.5.20)昭53.1.9,－,－
栃木,41376,四,小山,ｵﾔﾏ,小山市出井,36,20.3,139,49.8,44,15.8,1.5,#昭53.1.10,－,－
群馬,42046,四,藤原,ﾌｼﾞﾜﾗ,利根郡みなかみ町藤原字屋倉,36,51.8,139,3.5,700,10,4,昭52.11.11,42900,－
群馬,42091,四,みなかみ,ﾐﾅｶﾐ,利根郡みなかみ町幸知,36,48,138,59.5,531,8.5,3,(昭50.5.20)昭52.12.23,42905,－
群馬,42121,四,草津,ｸｻﾂ,吾妻郡草津町草津,36,37,138,35.5,1223,7.5,2.5,#昭52.12.23,42910,－
群馬,42146,四,沼田,ﾇﾏﾀ,沼田市井土上町,36,40.1,139,1.3,390,10,1.5,#昭52.12.21,－,－
群馬,42186,四,中之条,ﾅｶﾉｼﾞｮｳ,吾妻郡中之条町伊勢町,36,35.2,138,51,354,10,1.5,(昭50.5.20)昭52.12.21,－,－
群馬,42221,四,田代,ﾀｼﾛ,吾妻郡嬬恋村田代,36,27.8,138,27.8,1230,10,2,#昭52.12.22,－,－
群馬,42251,官,前橋,ﾏｴﾊﾞｼ,前橋市昭和町　前橋地方気象台,36,24.3,139,3.6,112,－,－,#昭50.2.27,42915,気温、雨
群馬,42266,四,桐生,ｷﾘｭｳ,桐生市元宿町,36,24.6,139,19.5,117,10,1.5,#昭51.2.5,－,－
群馬,42286,四,上里見,ｶﾐｻﾄﾐ,高崎市上里見町,36,22.6,138,53.7,183,6.5,1.5,#昭52.12.19,－,－
群馬,42302,四,伊勢崎,ｲｾｻｷ,伊勢崎市宮子町,36,19.9,139,9.9,64,12,1.5,平10.7.27,－,－
群馬,42326,四,西野牧,ﾆｼﾉﾏｷ,甘楽郡下仁田町西野牧,36,14.7,138,42.4,375,10,1.5,#昭52.12.20,－,－
群馬,42366,四,館林,ﾀﾃﾊﾞﾔｼ,館林市富士原町,36,14.4,139,30.8,23,10.1,1.5,#昭53.12.22,－,－
群馬,42396,四,神流,ｶﾝﾅ,多野郡神流町大字黒田字坂井道下,36,6.5,138,53.8,357,8.5,1.5,昭52.11.17,－,－
埼玉,43051,四,寄居,ﾖﾘｲ,大里郡寄居町大字折原,36,6.3,139,11,128,10,1.5,(昭50.5.17)昭52.12.19,－,－
埼玉,43056,官,熊谷,ｸﾏｶﾞﾔ,熊谷市桜町　熊谷地方気象台,36,9,139,22.8,30,16.7,－,#昭50.3.3,43905,－
埼玉,43126,四,久喜,ｸｷ,久喜市六万部,36,5.2,139,38.1,12,10,1.5,#昭52.12.20,－,－
埼玉,43156,官,秩父,ﾁﾁﾌﾞ,秩父市上町　秩父特別地域気象観測所,35,59.4,139,4.4,232,17.2,－,#昭50.11.28,43900,－
埼玉,43171,四,鳩山,ﾊﾄﾔﾏ,比企郡鳩山町赤沼字雷,35,59.1,139,20.1,44,6.5,1.5,昭52.12.22,－,－
埼玉,43241,四,さいたま,ｻｲﾀﾏ,さいたま市桜区大字宿,35,52.5,139,35.2,8,10,1.5,#昭52.12.22,－,－
埼玉,43256,四,越谷,ｺｼｶﾞﾔ,越谷市大字北後谷,35,53,139,45.4,3,10,1.5,#昭52.12.20,－,－
埼玉,43266,四,所沢,ﾄｺﾛｻﾞﾜ,所沢市勝楽寺,35,46.4,139,24.8,119,10,1.5,(昭50.6.11)昭52.12.21,－,－
東京,44046,四,小河内,ｵｺﾞｳﾁ,西多摩郡奥多摩町原,35,47.5,139,3,530,9.5,1.5,#昭51.12.15,－,－
東京,44056,四,青梅,ｵｳﾒ,青梅市新町,35,47.3,139,18.7,155,10,1.5,(昭50.5.16)昭51.12.14,－,－
東京,44071,四,練馬,ﾈﾘﾏ,練馬区石神井台,35,44.3,139,35.5,51,11.3,1.5,平24.12.26,－,－
東京,44112,四,八王子,ﾊﾁｵｳｼﾞ,八王子市元本郷町,35,40,139,19,123,49.8,1.5,昭58.9.30,－,－
東京,44116,四,府中,ﾌﾁｭｳ,府中市幸町,35,41,139,29,59,9.3,1.5,昭51.12.14,－,－
東京,44132,官,東京,ﾄｳｷｮｳ,千代田区北の丸公園　東京管区気象台,35,41.5,139,45,25,－,－,平19.11.1,44900,気温、雨
東京,44136,四,江戸川臨海,ｴﾄﾞｶﾞﾜﾘﾝｶｲ,江戸川区臨海町,35,38.3,139,51.8,5,10.2,－,#昭51.12.13,－,－
東京,44172,官,大島,ｵｵｼﾏ,大島町元町字家の上　大島特別地域気象観測所,34,44.9,139,21.7,74,27.1,－,平3.12.18,－,－
東京,44226,官,三宅島,ﾐﾔｹｼﾞﾏ,三宅村神着　三宅島特別地域気象観測所,34,7.4,139,31.2,38,13.2,－,#昭50.12.10,－,－
東京,44263,官,八丈島,ﾊﾁｼﾞｮｳｼﾞﾏ,八丈島八丈町大賀郷　八丈島特別地域気象観測所,33,7.3,139,46.7,151,－,－,昭50.3.13,－,気温、雨
東京,44301,官,父島,ﾁﾁｼﾞﾏ,小笠原村父島字西町　父島気象観測所,27,5.5,142,11.4,3,15.8,－,昭61.3.18,－,－
千葉,45061,四,我孫子,ｱﾋﾞｺ,我孫子市新木野,35,51.8,140,6.6,20,10,1.5,平22.3.11,－,－
千葉,45081,四,香取,ｶﾄﾘ,香取市大根,35,51.5,140,30.1,37,7.9,1.5,平11.10.12,－,－
千葉,45106,四,船橋,ﾌﾅﾊﾞｼ,船橋市薬円台,35,42.7,140,2.6,28,7.9,1.5,平11.8.3,－,－
千葉,45116,四,佐倉,ｻｸﾗ,佐倉市角来字屋敷前,35,43.7,140,12.7,5,10.4,1.5,(昭50.4.16)昭53.12.18,－,－
千葉,45147,官,銚子,ﾁｮｳｼ,銚子市川口町　銚子地方気象台,35,44.3,140,51.4,20,28.2,－,昭61.8.22,45900,－
千葉,45181,四,横芝光,ﾖｺｼﾊﾞﾋｶﾘ,山武郡横芝光町横芝,35,39.4,140,28.8,6,10,1.5,(昭50.5.16)昭53.1.10,－,－
千葉,45212,官,千葉,ﾁﾊﾞ,千葉市中央区中央港　千葉特別地域気象観測所,35,36.1,140,6.2,3,47.9,－,昭56.3.30,45905,－
千葉,45261,四,茂原,ﾓﾊﾞﾗ,茂原市早野字川中島,35,25,140,18.6,9,10,1.5,#昭53.1.11,－,－
千葉,45282,四,木更津,ｷｻﾗﾂﾞ,木更津市請西南,35,21.7,139,56.4,60,10.1,1.5,平18.9.22,－,－
千葉,45291,四,牛久,ｳｼｸ,市原市米沢,35,23.8,140,8.9,30,9.4,1.5,昭53.1.11,－,－
千葉,45326,四,坂畑,ｻｶﾊﾀ,君津市坂畑,35,14.1,140,5.9,120,10,1.5,昭53.1.12,－,－
千葉,45361,四,鴨川,ｶﾓｶﾞﾜ,鴨川市横渚,35,6.7,140,6,5,10,1.5,#昭53.1.13,－,－
千葉,45371,官,勝浦,ｶﾂｳﾗ,勝浦市墨名　勝浦特別地域気象観測所,35,9,140,18.7,12,15.2,－,#昭50.12.7,－,－
千葉,45401,官,館山,ﾀﾃﾔﾏ,館山市長須賀　館山特別地域気象観測所,34,59.2,139,51.9,6,21.8,－,#昭50.3.12,－,－
神奈川,46091,四,海老名,ｴﾋﾞﾅ,海老名市中新田,35,26,139,23.2,18,6.5,1.5,#昭53.1.17,－,－
神奈川,46106,官,横浜,ﾖｺﾊﾏ,横浜市中区山手町　横浜地方気象台,35,26.3,139,39.1,39,19.8,－,#昭50.3.8,46900,－
神奈川,46141,四,辻堂,ﾂｼﾞﾄﾞｳ,藤沢市辻堂西海岸,35,19.2,139,27,5,10,1.5,平4.2.10,－,－
神奈川,46166,四,小田原,ｵﾀﾞﾜﾗ,小田原市扇町,35,16.6,139,9.3,14,10,1.5,(昭50.5.16)昭53.1.17,－,－
神奈川,46211,四,三浦,ﾐｳﾗ,三浦市初声町下宮田,35,10.7,139,37.8,42,10,1.5,#昭53.1.20,－,－
長野,48031,四,野沢温泉,ﾉｻﾞﾜｵﾝｾﾝ,下高井郡野沢温泉村大字豊郷字南原,36,54.7,138,26.5,576,10,3,#昭53.11.16,48900,－
長野,48061,四,信濃町,ｼﾅﾉﾏﾁ,上水内郡信濃町柏原字小丸山,36,48.5,138,11.8,685,9.5,3,#昭53.11.17,48905,－
長野,48066,四,飯山,ｲｲﾔﾏ,飯山市大字飯山字大道東,36,52.5,138,22.5,313,10,3,#昭53.11.16,48910,－
長野,48141,四,白馬,ﾊｸﾊﾞ,北安曇郡白馬村北城,36,41.9,137,51.7,703,10,3,#昭53.11.21,48920,－
長野,48156,官,長野,ﾅｶﾞﾉ,長野市箱清水　長野地方気象台,36,39.7,138,11.5,418,18.8,－,#昭50.3.24,48925,－
長野,48191,四,大町,ｵｵﾏﾁ,大町市大町,36,31.4,137,49.9,784,10,2,#昭53.11.20,48930,－
長野,48196,四,信州新町,ｼﾝｼｭｳｼﾝﾏﾁ,長野市信州新町牧田中,36,32.9,137,59.8,509,9.5,1.5,#昭53.11.17,－,－
長野,48216,四,菅平,ｽｶﾞﾀﾞｲﾗ,上田市菅平高原,36,31.9,138,19.5,1253,10,2,(昭50.5.14)昭53.11.15,48935,－
長野,48256,四,上田,ｳｴﾀﾞ,上田市古里,36,24,138,15.9,502,6.5,1.5,#昭51.3.16,－,－
長野,48296,四,穂高,ﾎﾀｶ,安曇野市穂高,36,20.6,137,52.9,540,10,1.5,#昭53.11.21,－,－
長野,48321,四,東御,ﾄｳﾐ,東御市新張,36,23,138,23,958,10,1.5,(昭50.5.14)昭53.12.1,－,－
長野,48331,官,軽井沢,ｶﾙｲｻﾞﾜ,北佐久郡軽井沢町大字追分　軽井沢特別地域気象観測所,36,20.5,138,32.8,999,－,－,#昭50.12.2,48938,気温、雨
長野,48361,官,松本,ﾏﾂﾓﾄ,松本市沢村　松本特別地域気象観測所,36,14.8,137,58.2,610,17.6,－,#昭50.3.12,48936,－
長野,48381,四,立科,ﾀﾃｼﾅ,北佐久郡立科町芦田,36,16.3,138,18.8,715,10,1.5,昭53.12.1,－,－
長野,48386,四,佐久,ｻｸ,佐久市中込,36,14.8,138,28.6,683,10,1.5,#昭53.12.1,－,－
長野,48466,四,奈川,ﾅｶﾞﾜ,松本市奈川,36,5.3,137,41,1068,10,2,昭53.11.22,－,－
長野,48491,官,諏訪,ｽﾜ,諏訪市湖岸通り　諏訪特別地域気象観測所,36,2.7,138,6.5,760,－,－,昭50.12.4,48937,気温、雨
長野,48531,四,開田高原,ｶｲﾀﾞｺｳｹﾞﾝ,木曽郡木曽町開田高原西野,35,56.3,137,36.1,1130,10,2,昭53.11.24,48940,－
長野,48541,四,木曽平沢,ｷｿﾋﾗｻﾜ,塩尻市大字木曽平沢,35,59,137,50.1,900,24.5,1.5,#昭53.11.22,－,－
長野,48546,四,辰野,ﾀﾂﾉ,上伊那郡辰野町中央,35,58.9,137,59,729,10,1.5,昭53.11.30,－,－
長野,48561,四,原村,ﾊﾗﾑﾗ,諏訪郡原村,35,58.2,138,13.2,1017,10,1.5,#昭53.11.27,－,－
長野,48571,四,野辺山,ﾉﾍﾞﾔﾏ,南佐久郡南牧村野辺山,35,56.9,138,28.3,1350,10,1.5,#昭53.11.15,－,－
長野,48606,四,木曽福島,ｷｿﾌｸｼﾏ,木曽郡木曽町福島,35,50.4,137,41.3,750,8.2,1.5,昭51.3.25,－,－
長野,48621,四,伊那,ｲﾅ,伊那市下新田,35,49.5,137,57.3,633,10,1.5,平5.2.25,－,－
長野,48717,四,南木曽,ﾅｷﾞｿ,木曽郡南木曽町読書,35,36.6,137,37.2,560,10,1.5,(昭50.5.20)昭53.11.24,－,－
長野,48731,四,飯島,ｲｲｼﾞﾏ,上伊那郡飯島町七久保,35,39.2,137,53.9,728,10,1.5,#昭53.11.28,－,－
長野,48767,官,飯田,ｲｲﾀﾞ,飯田市高羽町　飯田特別地域気象観測所,35,31.4,137,49.3,516,36.1,－,平14.5.27,48945,－
長野,48826,四,浪合,ﾅﾐｱｲ,下伊那郡阿智村浪合,35,22.4,137,41.5,940,10,1.5,昭53.11.28,－,－
長野,48841,四,南信濃,ﾐﾅﾐｼﾅﾉ,飯田市南信濃和田字夜川瀬,35,19.3,137,55.9,407,9.5,1.5,昭53.12.1,－,－
山梨,49036,四,大泉,ｵｵｲｽﾞﾐ,北杜市大泉町谷戸,35,51.7,138,23.2,867,10,1.5,(昭50.5.20)昭52.12.23,－,－
山梨,49086,四,韮崎,ﾆﾗｻｷ,韮崎市大草町若尾,35,41.6,138,26.9,341,6.6,1.5,(昭50.5.20)昭52.12.23,－,－
山梨,49142,官,甲府,ｺｳﾌ,甲府市飯田　甲府地方気象台,35,40,138,33.2,273,26.9,－,平5.3.18,49900,－
山梨,49151,四,勝沼,ｶﾂﾇﾏ,甲州市勝沼町勝沼,35,39.8,138,43.5,394,9.5,1.5,#昭52.12.22,－,－
山梨,49161,四,大月,ｵｵﾂｷ,大月市大月,35,36.5,138,56.3,364,10,1.7,#昭52.12.22,－,－
山梨,49196,四,古関,ﾌﾙｾｷ,甲府市古関町,35,31.7,138,36.9,552,10,1.5,#昭53.11.13,－,－
山梨,49236,四,切石,ｷﾘｲｼ,南巨摩郡身延町切石,35,28,138,26.5,226,10,1.5,昭52.12.26,－,－
山梨,49251,官,河口湖,ｶﾜｸﾞﾁｺ,南都留郡富士河口湖町船津　河口湖特別地域気象観測所,35,30,138,45.6,860,15.1,－,#昭50.12.6,49905,－
山梨,49256,四,山中,ﾔﾏﾅｶ,南都留郡山中湖村梨ケ原,35,26.2,138,50.2,992,6.5,2,#昭52.12.27,－,－
山梨,49316,四,南部,ﾅﾝﾌﾞ,南巨摩郡南部町南部,35,17.3,138,26.7,141,9.3,1.5,#昭52.12.26,－,－
静岡,50106,四,井川,ｲｶﾜ,静岡市葵区井川,35,13,138,13.3,755,10,1.5,昭53.12.25,－,－
静岡,50136,四,御殿場,ｺﾞﾃﾝﾊﾞ,御殿場市萩原,35,18.3,138,55.6,472,10,1.5,#昭51.11.29,－,－
静岡,50196,四,富士,ﾌｼﾞ,富士市厚原,35,11.1,138,39.8,66,10,1.5,#昭53.12.26,－,－
静岡,50206,官,三島,ﾐｼﾏ,三島市東本町　三島特別地域気象観測所,35,6.8,138,55.5,21,15.8,－,#昭50.12.13,－,－
静岡,50226,四,佐久間,ｻｸﾏ,浜松市天竜区佐久間町浦川,35,3.4,137,45.7,150,10,1.5,(昭50.5.13)昭53.12.20,－,－
静岡,50241,四,川根本町,ｶﾜﾈﾎﾝﾁｮｳ,榛原郡川根本町田代,35,6.1,138,7.7,290,8.5,1.5,#昭53.12.22,－,－
静岡,50261,四,清水,ｼﾐｽﾞ,静岡市清水区興津中町,35,3.2,138,31.3,3,8.5,1.5,昭53.1.18,－,－
静岡,50281,官,網代,ｱｼﾞﾛ,熱海市網代　網代特別地域気象観測所,35,2.7,139,5.5,67,12.5,－,#昭50.12.16,－,－
静岡,50331,官,静岡,ｼｽﾞｵｶ,静岡市駿河区曲金　静岡地方気象台,34,58.5,138,24.2,14,16,－,#昭50.3.23,－,－
静岡,50386,四,天竜,ﾃﾝﾘｭｳ,浜松市天竜区船明,34,53.4,137,48.8,61,10,1.5,#昭53.12.21,－,－
静岡,50456,官,浜松,ﾊﾏﾏﾂ,浜松市中区高丘東　浜松特別地域気象観測所,34,45.2,137,42.7,46,16.8,－,#昭50.3.19,－,－
静岡,50476,四,菊川牧之原,ｷｸｶﾞﾜﾏｷﾉﾊﾗ,菊川市倉沢,34,47.1,138,8.3,191,6.5,1.5,昭53.12.21,－,－
静岡,50491,四,松崎,ﾏﾂｻﾞｷ,賀茂郡松崎町江奈,34,45.3,138,47,4,10,1.5,#昭53.12.27,－,－
静岡,50506,四,稲取,ｲﾅﾄﾘ,賀茂郡東伊豆町稲取,34,46.9,139,2.9,130,8.5,1.5,#昭53.12.27,－,－
静岡,50536,四,磐田,ｲﾜﾀ,磐田市南島,34,41.5,137,52.8,1,10,1.5,昭53.1.19,－,－
静岡,50551,官,御前崎,ｵﾏｴｻﾞｷ,御前崎市御前崎　御前崎特別地域気象観測所,34,36.2,138,12.8,45,16,－,#昭50.12.11,－,－
静岡,50561,官,石廊崎,ｲﾛｳｻﾞｷ,賀茂郡南伊豆町石廊崎石室山　石廊崎特別地域気象観測所,34,36.2,138,50.5,52,15,－,#昭50.3.26,－,－
愛知,51031,四,愛西,ｱｲｻｲ,愛西市江西町川原,35,13,136,41.9,5,10.4,1.5,昭54.1.11,－,－
愛知,51071,四,稲武,ｲﾅﾌﾞ,豊田市稲武町スソガエト,35,12.7,137,30.4,505,10,1.5,(昭50.5.12)昭54.1.9,－,－
愛知,51106,官,名古屋,ﾅｺﾞﾔ,名古屋市千種区日和町　名古屋地方気象台,35,10,136,57.9,51,17.8,－,#昭50.3.19,51900,－
愛知,51116,四,豊田,ﾄﾖﾀ,豊田市高町東山,35,7.9,137,10.6,75,6.7,1.5,#昭54.1.9,－,－
愛知,51216,四,大府,ｵｵﾌﾞ,大府市森岡町,34,59.7,136,56.6,32,10,1.5,平24.10.17,－,－
愛知,51226,四,岡崎,ｵｶｻﾞｷ,岡崎市美合町地蔵野,34,55.1,137,11.6,47,6.4,1.5,#昭54.1.9,－,－
愛知,51247,四,新城,ｼﾝｼﾛ,新城市富沢字広瀬,34,54.4,137,31.1,53,6.4,1.5,平14.12.25,－,－
愛知,51281,四,蒲郡,ｶﾞﾏｺﾞｵﾘ,蒲郡市神ノ郷町上名取,34,50.7,137,13,55,10,1.5,昭54.1.10,－,－
愛知,51311,四,南知多,ﾐﾅﾐﾁﾀ,知多郡南知多町大字豊丘字浜見台,34,44.4,136,56.3,16,6.5,1.5,(昭50.5.12)昭54.1.10,－,－
愛知,51331,四,豊橋,ﾄﾖﾊｼ,豊橋市神野新田町レノ割,34,45,137,20.5,3,6.6,1.5,平17.12.6,－,－
愛知,51346,官,伊良湖,ｲﾗｺ,田原市福江町字金五郎坂　伊良湖特別地域気象観測所,34,37.7,137,5.6,6,10.7,－,#昭50.12.16,－,－
岐阜,52041,四,河合,ｶﾜｲ,飛騨市河合町角川,36,18.3,137,6,471,10,3.7,昭53.11.18,52900,－
岐阜,52051,四,神岡,ｶﾐｵｶ,飛騨市神岡町殿,36,19.3,137,18.5,455,10,2,昭53.11.20,52905,－
岐阜,52081,四,白川,ｼﾗｶﾜ,大野郡白川村鳩谷字北長,36,16.4,136,53.8,478,10,4,昭53.11.17,52910,－
岐阜,52111,四,栃尾,ﾄﾁｵ,高山市奥飛騨温泉郷今見,36,14.9,137,30.2,765,10,1.5,(昭50.5.30)昭53.11.20,－,－
岐阜,52146,官,高山,ﾀｶﾔﾏ,高山市桐生町　高山特別地域気象観測所,36,9.3,137,15.2,560,18.1,－,#昭50.4.1,52913,－
岐阜,52181,四,六厩,ﾑﾏﾔ,高山市荘川町六厩,36,3.6,137,2.1,1015,10,2.8,昭53.11.16,－,－
岐阜,52196,四,宮之前,ﾐﾔﾉﾏｴ,高山市朝日町宮之前,36,0.9,137,23.3,930,9.4,2,昭53.11.21,－,－
岐阜,52221,四,長滝,ﾅｶﾞﾀｷ,郡上市白鳥町長滝字三昧,35,55.4,136,49.9,430,10,2.8,昭53.11.11,52915,－
岐阜,52286,四,萩原,ﾊｷﾞﾜﾗ,下呂市萩原町羽根,35,53.3,137,12.4,425,10,1.5,#昭51.3.3,－,－
岐阜,52331,四,八幡,ﾊﾁﾏﾝ,郡上市八幡町旭田尻,35,45.4,136,58.7,250,10,1.5,#昭53.11.16,－,－
岐阜,52346,四,宮地,ﾐﾔｼﾞ,下呂市宮地,35,45.8,137,17.3,450,10,1.5,(昭50.6.1)昭53.11.21,－,－
岐阜,52381,四,樽見,ﾀﾙﾐ,本巣市根尾神所,35,38.3,136,36.1,190,10,2.2,#昭53.11.14,52920,－
岐阜,52406,四,金山,ｶﾅﾔﾏ,下呂市金山町大船渡,35,39.7,137,9.6,233,10,1.5,#昭53.11.22,－,－
岐阜,52461,四,美濃,ﾐﾉ,美濃市前野中川原,35,33.3,136,54.6,68,10,1.5,(昭50.5.29)昭53.11.15,－,－
岐阜,52482,四,黒川,ｸﾛｶﾜ,加茂郡白川町黒川,35,35.9,137,19.1,517,9.4,1.5,平10.9.29,－,－
岐阜,52511,四,揖斐川,ｲﾋﾞｶﾞﾜ,揖斐郡揖斐川町三輪,35,29.1,136,34,45,10,1.5,昭53.11.14,－,－
岐阜,52536,四,美濃加茂,ﾐﾉｶﾓ,美濃加茂市西町,35,26.7,137,0.3,74,10,1.5,#昭53.11.15,－,－
岐阜,52556,四,恵那,ｴﾅ,恵那市長島町永田大洞,35,26.8,137,24.2,315,10,1.5,#昭51.3.8,－,－
岐阜,52557,四,中津川,ﾅｶﾂｶﾞﾜ,中津川市手賀野,35,28.6,137,29.2,378,10,1.5,平22.3.25,－,－
岐阜,52571,四,関ケ原,ｾｷｶﾞﾊﾗ,不破郡関ケ原町関ケ原,35,21.8,136,28,130,10,1.5,#昭53.11.13,52935,－
岐阜,52581,四,大垣,ｵｵｶﾞｷ,大垣市禾森町,35,20.8,136,37.2,6,10,1.5,#昭53.11.13,－,－
岐阜,52586,官,岐阜,ｷﾞﾌ,岐阜市加納二之丸　岐阜地方気象台,35,24,136,45.7,13,23,－,#昭50.4.1,52940,－
岐阜,52606,四,多治見,ﾀｼﾞﾐ,多治見市光ケ丘,35,20.8,137,6.5,120,10,1.5,(昭50.5.29)昭53.11.24,－,－
三重,53041,四,桑名,ｸﾜﾅ,桑名市江場字正金縄,35,3,136,41.6,3,10,1.5,#昭54.1.12,－,－
三重,53061,官,四日市,ﾖｯｶｲﾁ,四日市市日永　四日市特別地域気象観測所,34,56.4,136,34.8,55,10.7,－,#昭50.12.13,－,－
三重,53091,四,亀山,ｶﾒﾔﾏ,亀山市椿世町,34,52.2,136,27.2,70,10,1.5,#昭54.1.12,－,－
三重,53112,官,上野,ｳｴﾉ,伊賀市緑ケ丘本町　上野特別地域気象観測所,34,45.7,136,8.5,159,22.1,－,昭60.1.30,－,－
三重,53133,官,津,ﾂ,津市島崎町　津地方気象台,34,44,136,31.1,3,－,－,平23.10.20,53900,気温、雨
三重,53196,四,小俣,ｵﾊﾞﾀ,伊勢市小俣町明野,34,31.7,136,39.9,10,10,1.5,#昭54.1.16,－,－
三重,53231,四,粥見,ｶﾕﾐ,松阪市飯南町粥見,34,26.9,136,23.4,120,10,1.5,#昭54.1.16,－,－
三重,53257,四,鳥羽,ﾄﾊﾞ,鳥羽市鳥羽,34,28.9,136,49.5,2,9,1.5,平6.2.7,－,－
三重,53296,四,南伊勢,ﾐﾅﾐｲｾ,度会郡南伊勢町船越,34,20.7,136,40.9,6,10,1.5,(昭53.6.15)昭54.1.17,－,－
三重,53326,四,紀伊長島,ｷｲﾅｶﾞｼﾏ,北牟婁郡紀北町長島,34,12.5,136,19.6,3,10,1.5,昭54.1.17,－,－
三重,53378,官,尾鷲,ｵﾜｾ,尾鷲市南陽町　尾鷲特別地域気象観測所,34,4.1,136,11.6,15,28.4,－,昭60.5.29,－,－
三重,53401,四,熊野新鹿,ｸﾏﾉｱﾀｼｶ,熊野市新鹿町,33,55.9,136,8.3,23,6.4,1.5,平13.12.18,－,－
新潟,54012,四,粟島,ｱﾜｼﾏ,岩船郡粟島浦村字内浦,38,27.9,139,15.2,4,10.4,1.5,平28.5.31,－,－
新潟,54041,四,弾崎,ﾊｼﾞｷｻﾞｷ,佐渡市鷲崎字弾崎,38,19.8,138,30.7,58,8.1,1.5,平9.3.31,－,－
新潟,54086,四,村上,ﾑﾗｶﾐ,村上市三之町,38,13.6,139,28.7,10,8.4,2.7,#昭53.11.28,－,－
新潟,54157,官,相川,ｱｲｶﾜ,佐渡市相川三町目新浜町　相川特別地域気象観測所,38,1.7,138,14.4,6,33.8,－,平7.7.7,54900,－
新潟,54166,四,両津,ﾘｮｳﾂ,佐渡市両津湊,38,4.4,138,26.4,2,18.8,1.5,#昭53.11.24,－,－
新潟,54181,四,中条,ﾅｶｼﾞｮｳ,胎内市新和町,38,3.6,139,24.5,27,11.9,2.6,昭53.11.28,－,－
新潟,54191,四,下関,ｼﾓｾｷ,岩船郡関川村下関,38,5.5,139,33.8,33,10,2.8,(昭50.5.2)昭53.11.27,54905,－
新潟,54232,官,新潟,ﾆｲｶﾞﾀ,新潟市中央区美咲町　新潟地方気象台,37,53.6,139,1.1,4,－,－,平14.11.21,54907,気温、雨
新潟,54271,四,羽茂,ﾊﾓﾁ,佐渡市羽茂本郷,37,50.5,138,18.8,11,10,1.5,(昭50.6.1)昭53.11.24,－,－
新潟,54296,四,新津,ﾆｲﾂ,新潟市秋葉区小戸上組,37,47.5,139,5.2,3,10,2.5,#昭53.11.21,54910,－
新潟,54341,四,巻,ﾏｷ,新潟市西蒲区巻甲,37,46.1,138,54.8,2,10,2.3,#昭53.12.22,－,－
新潟,54387,四,寺泊,ﾃﾗﾄﾞﾏﾘ,長岡市寺泊二の関,37,38.4,138,46,44,7.9,1.5,平13.8.10,－,－
新潟,54396,四,三条,ｻﾝｼﾞｮｳ,三条市西裏館,37,38.4,138,57.3,9,12.5,2.5,#昭53.11.20,－,－
新潟,54421,四,津川,ﾂｶﾞﾜ,東蒲原郡阿賀町津川,37,40.3,139,26.8,100,9.6,3,#昭53.11.21,54915,－
新潟,54501,四,長岡,ﾅｶﾞｵｶ,長岡市緑町,37,27,138,49.4,23,9.5,3,#昭51.2.24,54920,－
新潟,54541,四,柏崎,ｶｼﾜｻﾞｷ,柏崎市元城町,37,21.1,138,33.2,7,10,2.5,#昭53.11.15,54925,－
新潟,54566,四,守門,ｽﾓﾝ,魚沼市西名,37,20.8,139,2.6,222,10,5.4,(昭50.5.21)昭53.11.17,54930,－
新潟,54586,四,大潟,ｵｵｶﾞﾀ,上越市大潟区土底浜,37,13.5,138,19.5,13,10,2.3,昭53.11.14,－,－
新潟,54616,四,小出,ｺｲﾃﾞ,魚沼市佐梨,37,13.6,138,57.8,98,10,4,#昭53.11.17,54935,－
新潟,54651,官,高田,ﾀｶﾀﾞ,上越市大手町　高田特別地域気象観測所,37,6.4,138,14.8,13,18,－,#昭53.3.11,54937,－
新潟,54661,四,安塚,ﾔｽﾂﾞｶ,上越市安塚区和田,37,6.4,138,27.4,126,6.5,3.5,#昭53.11.15,54940,－
新潟,54676,四,十日町,ﾄｵｶﾏﾁ,十日町市小泉字北原,37,8.6,138,43.6,170,10,4.5,#昭53.11.16,54945,－
新潟,54711,四,糸魚川,ｲﾄｲｶﾞﾜ,糸魚川市東寺町,37,2.6,137,52.5,8,10,2.5,#昭53.11.13,－,－
新潟,54721,四,能生,ﾉｳ,糸魚川市大字平,37,5,138,1.4,55,10.2,3.5,#昭53.11.13,54950,－
新潟,54816,四,関山,ｾｷﾔﾏ,妙高市大字関山字原田,36,56,138,13.3,350,10,4.3,(昭50.5.14)昭53.11.14,54955,－
新潟,54836,四,津南,ﾂﾅﾝ,中魚沼郡津南町中深見乙,36,59.8,138,41,452,10,4.9,#昭53.11.16,54965,－
新潟,54841,四,湯沢,ﾕｻﾞﾜ,南魚沼郡湯沢町湯沢字中島川原,36,56.5,138,48.6,340,10,4,#昭53.11.18,54960,－
富山,55022,四,朝日,ｱｻﾋ,下新川郡朝日町南保町,36,56.2,137,33.8,43,10.1,2,平29.9.27,55900,－
富山,55041,四,氷見,ﾋﾐ,氷見市七分一,36,51.8,136,57.6,7,10.2,1.6,昭53.11.18,55915,－
富山,55056,四,魚津,ｳｵﾂﾞ,魚津市六郎丸,36,49.3,137,25.7,48,10,1.8,#昭53.11.16,55905,－
富山,55091,官,伏木,ﾌｼｷ,高岡市伏木古国府　伏木特別地域気象観測所,36,47.5,137,3.3,12,15.3,－,#昭50.12.12,55907,－
富山,55102,官,富山,ﾄﾔﾏ,富山市石坂　富山地方気象台,36,42.5,137,12.1,9,20,－,昭61.1.30,55908,－
富山,55141,四,砺波,ﾄﾅﾐ,砺波市五郎丸,36,36.6,136,57.3,69,6.5,2.1,#昭51.4.1,55910,－
富山,55166,四,上市,ｶﾐｲﾁ,中新川郡上市町東種,36,40.2,137,25.4,296,10,2.8,昭53.11.15,－,－
富山,55191,四,南砺高宮,ﾅﾝﾄﾀｶﾐﾔ,南砺市高宮,36,32.7,136,52.3,91,10,2.4,#昭53.11.17,－,－
富山,55206,四,八尾,ﾔﾂｵ,富山市八尾町樫尾,36,34.2,137,9.5,124,10.1,2.5,#昭51.2.27,－,－
石川,56036,四,珠洲,ｽｽﾞ,珠洲市正院町正院,37,26.8,137,17.2,4,7.5,2,#昭53.11.20,56900,－
石川,56052,官,輪島,ﾜｼﾞﾏ,輪島市鳳至町畠田　輪島特別地域気象観測所,37,23.4,136,53.7,5,28.1,－,昭61.6.20,56903,－
石川,56116,四,志賀,ｼｶ,羽咋郡志賀町富来領家町甲,37,8.6,136,43.5,6,8.5,2,#昭53.11.21,－,－
石川,56146,四,七尾,ﾅﾅｵ,七尾市万行町43の部,37,1.8,136,59.5,58,10,1.5,#昭53.11.21,56905,－
石川,56176,四,羽咋,ﾊｸｲ,羽咋市旭町,36,53.6,136,46.6,15,19.5,2,#昭53.11.22,－,－
石川,56186,四,かほく,ｶﾎｸ,かほく市内日角井,36,42.7,136,41.5,42,10,2,#昭53.11.22,－,－
石川,56227,官,金沢,ｶﾅｻﾞﾜ,金沢市西念　金沢地方気象台,36,35.3,136,38,6,48.4,－,平3.10.23,56907,－
石川,56276,四,小松,ｺﾏﾂ,小松市今江町,36,22.9,136,26.1,3,10,2,昭53.12.1,－,－
石川,56286,四,白山河内,ﾊｸｻﾝｶﾜﾁ,白山市河内町福岡,36,23.8,136,37.2,136,10,2.5,(昭50.5.7)昭53.11.24,56910,－
石川,56301,四,加賀菅谷,ｶｶﾞｽｶﾞﾀﾆ,加賀市山中温泉菅谷町,36,13.8,136,21.7,83,10,2,#昭53.11.27,56915,－
福井,57001,四,三国,ﾐｸﾆ,坂井市三国町平山,36,14.6,136,10.4,34,9.9,2,(昭50.6.24)昭53.11.27,－,－
福井,57051,四,越廼,ｺｼﾉ,福井市居倉町,36,0.7,135,59.4,30,10,1.5,昭53.11.27,－,－
福井,57066,官,福井,ﾌｸｲ,福井市豊島　福井地方気象台,36,3.3,136,13.3,9,26.1,－,#昭50.3.15,57903,－
福井,57082,四,勝山,ｶﾂﾔﾏ,勝山市平泉寺町平泉寺86字岡道北,36,2.3,136,31.3,196,9,3.5,平5.10.18,－,－
福井,57121,四,大野,ｵｵﾉ,大野市93字蛇塚,35,58.3,136,29.8,182,6.4,3.5,#昭51.3.2,57905,－
福井,57206,四,今庄,ｲﾏｼﾞｮｳ,南条郡南越前町今庄,35,46,136,12,128,10,2.5,#昭53.11.28,57910,－
福井,57248,官,敦賀,ﾂﾙｶﾞ,敦賀市松栄町　敦賀特別地域気象観測所,35,39.2,136,3.7,2,28,－,昭63.2.12,57913,－
福井,57286,四,美浜,ﾐﾊﾏ,三方郡美浜町久々子,35,36,135,55,10,10,2,(昭50.5.19)昭53.11.28,－,－
福井,57317,四,小浜,ｵﾊﾞﾏ,小浜市遠敷,35,29,135,46.9,10,24.9,2,平4.11.2,57915,－
滋賀,60051,四,今津,ｲﾏﾂﾞ,高島市今津町弘川,35,24.7,136,1.7,88,10,1.5,#昭53.11.16,60905,－
滋賀,60061,四,長浜,ﾅｶﾞﾊﾏ,長浜市唐国町,35,25.4,136,14.5,95,10,1.5,(昭50.5.7)昭53.11.17,－,－
滋賀,60102,四,米原,ﾏｲﾊﾞﾗ,米原市朝日字尻屋,35,23,136,20.6,147,6.5,1.5,平13.3.30,60911,－
滋賀,60116,四,南小松,ﾐﾅﾐｺﾏﾂ,大津市南小松,35,14.1,135,57.4,90,10,1.5,#昭53.11.16,－,－
滋賀,60131,官,彦根,ﾋｺﾈ,彦根市城町　彦根地方気象台,35,16.5,136,14.6,87,19.7,－,#昭50.3.14,60915,－
滋賀,60196,四,東近江,ﾋｶﾞｼｵｳﾐ,東近江市桜川東町,35,3.7,136,11.4,128,6.5,1.5,(昭50.5.2)昭53.12.20,－,－
滋賀,60216,四,大津,ｵｵﾂ,大津市萱野浦,34,59.5,135,54.7,86,10,1.5,昭52.12.22,－,－
滋賀,60226,四,信楽,ｼｶﾞﾗｷ,甲賀市信楽町牧,34,54.8,136,4.8,265,10,1.5,(昭50.5.2)昭53.12.20,－,－
滋賀,60236,四,土山,ﾂﾁﾔﾏ,甲賀市土山町北土山,34,56.3,136,16.7,248,10,1.5,#昭53.12.21,－,－
京都,61001,四,間人,ﾀｲｻﾞ,京丹後市丹後町間人,35,44.2,135,5.2,42,11.2,1.5,(昭50.5.2)昭52.2.28,－,－
京都,61076,四,宮津,ﾐﾔﾂﾞ,宮津市上司,35,33,135,14.1,2,10.5,1.5,#昭53.11.15,－,－
京都,61111,官,舞鶴,ﾏｲﾂﾞﾙ,舞鶴市字下福井　舞鶴特別地域気象観測所,35,27,135,19,2,41.6,－,#昭50.3.26,61905,－
京都,61187,四,福知山,ﾌｸﾁﾔﾏ,福知山市字荒河,35,18.7,135,6.8,17,9.6,1.5,平17.12.8,－,－
京都,61206,四,美山,ﾐﾔﾏ,南丹市美山町静原桧野,35,16.5,135,33,200,10,1.5,昭53.11.15,61910,－
京都,61242,四,園部,ｿﾉﾍﾞ,南丹市園部町黒田,35,6.5,135,27.3,134,9.3,1.5,平14.3.6,－,－
京都,61286,官,京都,ｷｮｳﾄ,京都市中京区西ノ京笠殿町　京都地方気象台,35,0.8,135,43.9,41,－,－,平20.3.27,61915,気温、雨、日照
京都,61326,四,京田辺,ｷｮｳﾀﾅﾍﾞ,京田辺市薪西浜,34,49.8,135,45.6,20,10,1.5,#昭53.12.19,－,－
大阪,62016,四,能勢,ﾉｾ,豊能郡能勢町地黄,34,56.9,135,27.3,235,10,1.5,#昭52.3.7,－,－
大阪,62046,四,枚方,ﾋﾗｶﾀ,枚方市星丘,34,48.5,135,40.3,26,10,1.5,(昭50.5.31)昭52.3.2,－,－
大阪,62078,官,大阪,ｵｵｻｶ,大阪市中央区大手前　大阪管区気象台,34,40.9,135,31.1,23,－,－,平11.2.24,62900,気温、雨、日照
大阪,62081,四,生駒山,ｲｺﾏﾔﾏ,東大阪市山手町,34,40.5,135,40.6,626,9.3,1.5,#昭51.2.12,－,－
大阪,62091,四,堺,ｻｶｲ,堺市堺区百舌鳥夕雲町,34,33.3,135,29.1,20,10.1,1.5,(昭50.5.30)昭52.3.3,－,－
大阪,62131,四,熊取,ｸﾏﾄﾘ,泉南郡熊取町朝代西,34,23.1,135,21,68,10,1.5,#昭52.3.4,－,－
兵庫,63016,四,香住,ｶｽﾐ,美方郡香美町香住区森,35,37.5,134,37.6,5,9.3,1.5,#昭51.4.1,63900,－
兵庫,63051,官,豊岡,ﾄﾖｵｶ,豊岡市桜町　豊岡特別地域気象観測所,35,32.1,134,49.3,3,16,－,#昭50.3.29,63905,－
兵庫,63071,四,兎和野高原,ｳﾜﾉｺｳｹﾞﾝ,美方郡香美町村岡区宿字菟臥野,35,25.9,134,35,540,6.5,1.5,平17.12.14,63911,－
兵庫,63121,四,和田山,ﾜﾀﾞﾔﾏ,朝来市和田山町枚田,35,19.4,134,50.9,80,10,1.5,#昭52.12.20,63915,－
兵庫,63201,四,生野,ｲｸﾉ,朝来市生野町口銀谷,35,10,134,47.5,320,10.8,1.5,#昭53.11.13,－,－
兵庫,63216,四,柏原,ｶｲﾊﾞﾗ,丹波市柏原町柏原,35,8.2,135,3.9,98,10.1,1.5,#昭53.12.20,－,－
兵庫,63251,四,一宮,ｲﾁﾉﾐﾔ,宍粟市一宮町東市場,35,5.8,134,35.1,195,10,1.5,#昭53.11.13,－,－
兵庫,63321,四,福崎,ﾌｸｻｷ,神崎郡福崎町福崎新,34,57,134,44.9,72,13.9,1.5,(昭50.5.2)昭52.12.19,－,－
兵庫,63331,四,西脇,ﾆｼﾜｷ,西脇市上比延町,34,59.9,134,59.8,72,6.5,1.5,(昭50.5.1)昭53.12.21,－,－
兵庫,63366,四,上郡,ｶﾐｺﾞｵﾘ,赤穂郡上郡町与井,34,51.5,134,22.4,20,10,1.5,昭53.12.26,－,－
兵庫,63383,官,姫路,ﾋﾒｼﾞ,姫路市神子岡前　姫路特別地域気象観測所,34,50.3,134,40.2,38,16.2,－,平20.11.21,－,－
兵庫,63411,四,三田,ｻﾝﾀﾞ,三田市下深田,34,53.7,135,12.7,150,21.6,1.5,(昭50.5.2)昭53.12.20,－,－
兵庫,63461,四,三木,ﾐｷ,三木市志染町広野,34,46.6,135,0.8,145,10,1.5,昭52.12.19,－,－
兵庫,63491,四,家島,ｲｴｼﾏ,姫路市家島町真浦字御室寺,34,40.3,134,31.6,88,6.5,1.5,昭53.12.25,－,－
兵庫,63496,四,明石,ｱｶｼ,明石市二見町南二見,34,41.2,134,52.6,3,28.6,1.5,平4.3.23,－,－
兵庫,63518,官,神戸,ｺｳﾍﾞ,神戸市中央区脇浜海岸通　神戸地方気象台,34,41.8,135,12.7,5,－,－,平19.3.28,63950,気温、雨
兵庫,63551,四,郡家,ｸﾞﾝｹﾞ,淡路市多賀,34,28,134,50.9,5,9.3,1.5,(昭50.5.2)昭53.12.22,－,－
兵庫,63571,官,洲本,ｽﾓﾄ,洲本市木戸　洲本特別地域気象観測所,34,18.6,134,50.9,69,14.6,－,平29.11.30,－,－
兵庫,63588,四,南淡,ﾅﾝﾀﾞﾝ,南あわじ市阿万塩屋町,34,13.1,134,43.2,5,9.6,1.5,平16.1.30,－,－
奈良,64036,官,奈良,ﾅﾗ,奈良市東紀寺町　奈良地方気象台,34,40.4,135,50.2,102,－,－,#昭50.3.19,64900,気温、雨
奈良,64041,四,針,ﾊﾘ,奈良市都祁友田町,34,36.3,135,57.1,468,10,1.5,#昭53.12.22,－,－
奈良,64101,四,大宇陀,ｵｵｳﾀﾞ,宇陀市大宇陀下竹,34,29.3,135,55.9,349,10,1.5,#昭53.12.22,－,－
奈良,64127,四,五條,ｺﾞｼﾞｮｳ,五條市三在町,34,22.8,135,43.8,190,9.5,1.5,平17.12.19,－,－
奈良,64206,四,上北山,ｶﾐｷﾀﾔﾏ,吉野郡上北山村小橡,34,8.2,136,0.3,334,10,1.5,(昭50.5.1)昭53.12.26,－,－
奈良,64227,四,風屋,ｶｾﾞﾔ,吉野郡十津川村風屋,34,2.7,135,47.2,301,6.5,1.5,昭52.12.20,－,－
和歌山,65026,四,かつらぎ,ｶﾂﾗｷﾞ,伊都郡かつらぎ町妙寺,34,18.6,135,31.7,142,9.4,1.5,昭54.1.8,－,－
和歌山,65036,四,友ケ島,ﾄﾓｶﾞｼﾏ,和歌山市加太苫ケ沖島,34,16.8,135,0,43,9.4,1.5,平10.3.18,－,－
和歌山,65042,官,和歌山,ﾜｶﾔﾏ,和歌山市男野芝丁　和歌山地方気象台,34,13.7,135,9.8,14,－,－,平5.12.1,65900,気温、雨
和歌山,65061,四,高野山,ｺｳﾔｻﾝ,伊都郡高野町高野山,34,13.3,135,35.4,795,10,1.5,#昭54.1.8,－,－
和歌山,65121,四,清水,ｼﾐｽﾞ,有田郡有田川町清水,34,5.2,135,25.5,240,6.5,1.5,(昭50.5.30)昭54.1.9,－,－
和歌山,65162,四,龍神,ﾘｭｳｼﾞﾝ,田辺市龍神村湯ノ又,33,56.7,135,33.4,410,6.5,1.5,平6.3.8,－,－
和歌山,65201,四,川辺,ｶﾜﾍﾞ,日高郡日高川町和佐,33,53.6,135,13,84,9.4,1.5,平11.3.4,－,－
和歌山,65256,四,栗栖川,ｸﾘｽｶﾞﾜ,田辺市中辺路町栗栖川,33,47.5,135,30.8,160,10,1.5,(昭50.5.2)昭54.1.11,－,－
和歌山,65276,四,新宮,ｼﾝｸﾞｳ,新宮市佐野,33,41.2,135,58.2,18,9.4,1.5,#昭54.3.13,－,－
和歌山,65306,四,西川,ﾆｼｶﾜ,東牟婁郡古座川町西川,33,38.3,135,42.6,150,10,1.5,昭54.1.12,－,－
和歌山,65356,官,潮岬,ｼｵﾉﾐｻｷ,東牟婁郡串本町潮岬　潮岬特別地域気象観測所,33,27,135,45.4,68,14.9,－,#昭50.3.13,－,－
岡山,66046,四,上長田,ｶﾐﾅｶﾞﾀ,真庭市蒜山上長田,35,17.8,133,43.5,430,6.5,1.5,昭53.12.6,66900,－
岡山,66091,四,千屋,ﾁﾔ,新見市千屋,35,6.2,133,26.1,525,10,1.5,昭53.12.8,66910,－
岡山,66127,四,奈義,ﾅｷﾞ,勝田郡奈義町荒内西字大池,35,6.7,134,10.2,212,6.5,1.5,昭52.2.25,－,－
岡山,66136,四,今岡,ｲﾏｵｶ,美作市今岡,35,5.9,134,19.5,207,6.5,1.5,#昭53.11.16,66915,－
岡山,66171,四,久世,ｸｾ,真庭市中島,35,4.1,133,45.2,144,10,1.5,昭53.11.17,－,－
岡山,66186,官,津山,ﾂﾔﾏ,津山市林田　津山特別地域気象観測所,35,3.8,134,0.5,146,12.4,－,#昭50.12.15,66920,－
岡山,66221,四,新見,ﾆｲﾐ,新見市足見堂の下,34,56.6,133,31.1,393,10,1.5,昭53.11.20,－,－
岡山,66296,四,福渡,ﾌｸﾜﾀﾘ,岡山市北区建部町福渡,34,52,133,54.2,63,7.9,1.5,#昭54.1.9,－,－
岡山,66306,四,和気,ﾜｹ,和気郡和気町吉田,34,48.9,134,11,35,10,1.5,#昭54.1.9,－,－
岡山,66336,四,高梁,ﾀｶﾊｼ,高梁市落合町近似,34,47.5,133,36.6,60,10,1.5,(昭50.4.24)昭54.1.10,－,－
岡山,66408,官,岡山,ｵｶﾔﾏ,岡山市北区津島中　岡山地方気象台,34,41.1,133,55.5,5,－,－,平8.3.25,66930,気温、雨
岡山,66421,四,虫明,ﾑｼｱｹﾞ,瀬戸内市邑久町虫明,34,40.9,134,12.4,10,10,1.5,#昭54.1.19,－,－
岡山,66446,四,倉敷,ｸﾗｼｷ,倉敷市中央,34,35.4,133,46.1,3,10,1.5,#昭54.1.9,－,－
岡山,66481,四,笠岡,ｶｻｵｶ,笠岡市カブト東町,34,30.1,133,29.7,0,6.5,1.5,昭54.1.10,－,－
岡山,66501,四,玉野,ﾀﾏﾉ,玉野市宇野,34,29.2,133,57,2,6.5,1.5,#昭51.4.1,－,－
広島,67016,四,高野,ﾀｶﾉ,庄原市高野町新市,35,2,132,54.1,570,10,2.8,(昭50.4.1)昭53.11.22,67900,－
広島,67106,四,三次,ﾐﾖｼ,三次市三次町,34,48.7,132,51,159,10,1.5,#昭53.11.22,－,－
広島,67116,四,庄原,ｼｮｳﾊﾞﾗ,庄原市東本町,34,51.6,133,1.4,300,15.4,1.5,#昭51.4.1,－,－
広島,67151,四,大朝,ｵｵｱｻ,山県郡北広島町大朝字大坪,34,46.1,132,27.8,399,10,2,#昭52.12.23,67910,－
広島,67191,四,油木,ﾕｷ,神石郡神石高原町安田伊ノ平谷,34,45.8,133,16.7,510,10,1.5,昭53.12.12,－,－
広島,67212,四,加計,ｶｹ,山県郡安芸太田町加計字神田,34,36.6,132,19.2,210,10,1.5,#昭53.11.24,－,－
広島,67292,四,三入,ﾐｲﾘ,広島市安佐北区三入,34,32.7,132,31.8,70,6.4,1.5,平13.12.20,－,－
広島,67316,四,世羅,ｾﾗ,世羅郡世羅町大字東神崎字大田,34,35,133,3,350,8,1.5,#昭52.2.23,－,－
広島,67326,四,府中,ﾌﾁｭｳ,府中市土生町,34,33.7,133,13.9,70,9.5,1.5,(昭50.4.28)昭54.1.11,－,－
広島,67376,四,東広島,ﾋｶﾞｼﾋﾛｼﾏ,東広島市八本松町原,34,25,132,42,224,10,1.5,#昭54.1.17,－,－
広島,67401,官,福山,ﾌｸﾔﾏ,福山市松永町　福山特別地域気象観測所,34,26.8,133,14.8,2,14.4,－,#昭50.12.16,－,－
広島,67421,四,廿日市津田,ﾊﾂｶｲﾁﾂﾀ,廿日市市津田,34,21.9,132,11.4,317,10,1.5,昭53.12.6,－,－
広島,67437,官,広島,ﾋﾛｼﾏ,広島市中区上八丁堀　広島地方気象台,34,23.9,132,27.7,4,95.4,－,昭63.1.1,67920,気温、風、雨
広島,67461,四,竹原,ﾀｹﾊﾗ,竹原市忠海床浦,34,19.8,132,58.9,5,10,1.5,#昭54.1.12,－,－
広島,67471,四,生口島,ｲｸﾁｼﾞﾏ,尾道市瀬戸田町御寺,34,16.7,133,7.4,3,10,1.5,#昭54.1.12,－,－
広島,67496,四,大竹,ｵｵﾀｹ,大竹市立戸,34,13.3,132,13.2,1,25.1,1.5,#昭54.1.16,－,－
広島,67511,官,呉,ｸﾚ,呉市宝町　呉特別地域気象観測所,34,14.4,132,33,4,27.3,－,#昭50.12.10,－,－
広島,67576,四,呉市蒲刈,ｸﾚｼｶﾏｶﾞﾘ,呉市蒲刈町大浦字前沖浦,34,9.9,132,44.9,48,10,1.5,平21.2.25,－,－
島根,68022,官,西郷,ｻｲｺﾞｳ,隠岐郡隠岐の島町西町大城ノ一　西郷特別地域気象観測所,36,12.2,133,20,27,17,－,昭62.10.14,68955,－
島根,68056,四,海士,ｱﾏ,隠岐郡海士町海士,36,5.8,133,5.8,3,9.3,1.5,昭53.11.17,－,－
島根,68091,四,鹿島,ｶｼﾏ,松江市鹿島町北講武,35,31.2,133,1.3,5,10,1.5,#昭53.12.1,－,－
島根,68132,官,松江,ﾏﾂｴ,松江市西津田　松江地方気象台,35,27.4,133,3.9,17,26.8,－,昭54.11.1,68960,－
島根,68156,四,出雲,ｲｽﾞﾓ,出雲市芦渡町,35,19.9,132,43.8,20,10,1.5,昭53.11.20,－,－
島根,68246,四,大田,ｵｵﾀﾞ,大田市大田町大田,35,11.4,132,29.8,30,10.2,1.5,#昭53.11.21,－,－
島根,68261,四,掛合,ｶｹﾔ,雲南市掛合町掛合,35,11.8,132,48.9,215,7.9,1.5,#昭53.11.16,－,－
島根,68276,四,横田,ﾖｺﾀ,仁多郡奥出雲町稲原,35,10.4,133,6.2,369,10,1.5,#昭53.11.16,68900,－
島根,68306,四,赤名,ｱｶﾅ,飯石郡飯南町下赤名,35,0.1,132,42.7,444,10,1.5,昭53.12.5,68905,－
島根,68351,四,川本,ｶﾜﾓﾄ,邑智郡川本町川本,34,58.6,132,29.5,132,10,1.5,#昭53.11.22,－,－
島根,68376,官,浜田,ﾊﾏﾀﾞ,浜田市大辻町　浜田特別地域気象観測所,34,53.8,132,4.2,19,14.8,－,#昭50.3.20,－,－
島根,68401,四,瑞穂,ﾐｽﾞﾎ,邑智郡邑南町淀原,34,51.2,132,31.8,327,10,1.5,(昭51.5.19)昭53.11.22,68910,－
島根,68431,四,弥栄,ﾔｻｶ,浜田市弥栄町長安本郷,34,46.6,132,6.5,380,9.5,1.5,昭53.12.1,68915,－
島根,68462,四,益田,ﾏｽﾀﾞ,益田市あけぼの東町,34,40.6,131,50.6,4,12.4,1.5,昭53.11.24,－,－
島根,68516,四,津和野,ﾂﾜﾉ,鹿足郡津和野町森村ロ,34,27.7,131,46.2,165,10,1.5,#昭53.11.24,－,－
島根,68541,四,吉賀,ﾖｼｶ,鹿足郡吉賀町七日市,34,23.5,131,53.6,250,10,1.5,平18.10.31,－,－
鳥取,69006,官,境,ｻｶｲ,境港市東本町　境特別地域気象観測所,35,32.6,133,14.1,2,11.7,－,#昭50.12.18,69910,－
鳥取,69021,四,塩津,ｼｵﾂ,西伯郡大山町塩津,35,31.4,133,34,15,6.5,1.5,昭52.12.21,－,－
鳥取,69041,四,青谷,ｱｵﾔ,鳥取市青谷町青谷,35,31.2,133,59.8,13,10,1.5,#昭53.11.14,－,－
鳥取,69061,四,岩井,ｲﾜｲ,岩美郡岩美町宇治字前田,35,33.5,134,21.6,19,10,1.5,#昭53.11.13,－,－
鳥取,69076,官,米子,ﾖﾅｺﾞ,米子市博労町　米子特別地域気象観測所,35,26,133,20.3,7,18.1,－,#昭50.3.13,69930,－
鳥取,69101,四,倉吉,ｸﾗﾖｼ,倉吉市大塚字隈ヶ坪,35,28.4,133,50.3,8,10,1.5,#昭53.11.14,69900,－
鳥取,69122,官,鳥取,ﾄｯﾄﾘ,鳥取市吉方　鳥取地方気象台,35,29.2,134,14.3,7,33.2,－,昭52.10.31,69940,－
鳥取,69246,四,智頭,ﾁｽﾞ,八頭郡智頭町智頭沖代,35,15.8,134,14.4,182,6.5,1.5,#昭53.11.13,69915,－
鳥取,69271,四,茶屋,ﾁｬﾔ,日野郡日南町茶屋大ジャフ田,35,11.2,133,13.8,490,10,1.5,昭53.11.15,－,－
徳島,71066,四,池田,ｲｹﾀﾞ,三好市池田町シンヤマ,34,1.4,133,47.7,214,10,1.5,#昭53.1.29,－,－
徳島,71087,四,穴吹,ｱﾅﾌﾞｷ,美馬市穴吹町口山初草,34,2.4,134,9.4,160,9.4,1.5,平13.3.13,－,－
徳島,71106,官,徳島,ﾄｸｼﾏ,徳島市大和町　徳島地方気象台,34,4,134,34.4,2,17.8,－,#昭50.4.1,71900,気温、風、雨
徳島,71191,四,京上,ｷｮｳｼﾞｮｳ,三好市東祖谷京上,33,52,133,54.2,560,6.5,1.5,昭53.3.23,－,－
徳島,71231,四,蒲生田,ｶﾓﾀﾞ,阿南市椿町蒲生田,33,50.2,134,44.5,10,10,1.5,昭53.1.13,－,－
徳島,71251,四,木頭,ｷﾄｳ,那賀郡那賀町木頭出原クボヲ,33,46.3,134,12.3,330,6.5,1.5,昭54.1.24,－,－
徳島,71266,四,日和佐,ﾋﾜｻ,海部郡美波町日和佐浦,33,43.9,134,32.3,3,15.4,1.5,#昭51.2.14,－,－
徳島,71291,四,海陽,ｶｲﾖｳ,海部郡海陽町四方原字杉谷,33,36.7,134,21.3,5,10,1.5,平21.2.19,－,－
香川,72061,四,内海,ｳﾁﾉﾐ,小豆郡小豆島町西村甲,34,28.3,134,16.4,20,9.4,1.5,#昭53.1.10,－,－
香川,72086,官,高松,ﾀｶﾏﾂ,高松市伏石町　高松地方気象台,34,19.1,134,3.2,9,17.5,－,#昭50.4.1,72900,－
香川,72111,官,多度津,ﾀﾄﾞﾂ,仲多度郡多度津町家中　多度津特別地域気象観測所,34,16.5,133,45.1,4,12.1,－,#昭50.12.18,－,－
香川,72121,四,滝宮,ﾀｷﾉﾐﾔ,綾歌郡綾川町滝宮字山田,34,14.2,133,55.4,60,10,1.5,#昭53.1.11,－,－
香川,72146,四,引田,ﾋｹﾀ,東かがわ市南野,34,12.8,134,24.4,12,10,1.5,#昭53.1.12,－,－
香川,72161,四,財田,ｻｲﾀ,三豊市財田町財田上,34,7.2,133,46.3,65,9.3,1.5,昭53.1.11,－,－
愛媛,73001,四,大三島,ｵｵﾐｼﾏ,今治市大三島町宮浦地先,34,15,133,0.4,9,10,1.5,#昭53.1.19,－,－
愛媛,73076,四,今治,ｲﾏﾊﾞﾘ,今治市山路,34,3.2,132,58.5,27,10,1.5,(昭50.10.1)昭51.2.18,－,－
愛媛,73126,四,西条,ｻｲｼﾞｮｳ,西条市周布,33,54.9,133,4.8,4,10.2,1.5,(昭50.5.1)昭53.1.18,－,－
愛媛,73141,四,新居浜,ﾆｲﾊﾏ,新居浜市船木,33,56.2,133,20.3,90,10,1.5,平28.8.24,－,－
愛媛,73151,四,四国中央,ｼｺｸﾁｭｳｵｳ,四国中央市妻鳥町乙,33,58.9,133,34.9,75,10,1.5,#昭53.1.17,－,－
愛媛,73166,官,松山,ﾏﾂﾔﾏ,松山市北持田町　松山地方気象台,33,50.6,132,46.6,32,－,－,#昭50.4.1,73900,気温、雨
愛媛,73256,四,長浜,ﾅｶﾞﾊﾏ,大洲市長浜甲,33,37,132,28.8,4,6.9,1.5,#昭53.1.31,－,－
愛媛,73276,四,久万,ｸﾏ,上浮穴郡久万高原町入野,33,39.8,132,53.7,511,10,1.5,#昭53.1.20,－,－
愛媛,73306,四,大洲,ｵｵｽﾞ,大洲市阿蔵字フルカワ甲,33,30.5,132,32.1,20,10,1.5,(昭50.5.1)昭53.1.31,－,－
愛媛,73341,四,瀬戸,ｾﾄ,西宇和郡伊方町塩成,33,26.8,132,15.4,143,6.6,1.5,平9.8.8,－,－
愛媛,73406,四,宇和,ｳﾜ,西予市宇和町神領,33,22,132,30.2,200,10,1.5,(昭50.5.1)昭53.1.23,－,－
愛媛,73442,官,宇和島,ｳﾜｼﾞﾏ,宇和島市住吉町　宇和島特別地域気象観測所,33,13.6,132,33.1,2,33.2,－,平5.2.1,－,－
愛媛,73446,四,近永,ﾁｶﾅｶﾞ,北宇和郡鬼北町近永,33,15.2,132,40.5,129,8.1,1.5,昭54.1.17,－,－
愛媛,73516,四,御荘,ﾐｼｮｳ,南宇和郡愛南町御荘平城,32,57.8,132,34.2,12,10.1,1.5,#昭53.1.23,－,－
高知,74056,四,本川,ﾎﾝｶﾞﾜ,吾川郡いの町脇の山字根藤,33,45.9,133,20.3,550,10.4,1.5,昭54.1.18,－,－
高知,74071,四,本山,ﾓﾄﾔﾏ,長岡郡本山町本山,33,45.2,133,34.5,252,9.4,1.5,#昭53.1.1,－,－
高知,74136,四,大栃,ｵｵﾄﾞﾁ,香美市物部町大栃上西の川,33,41.9,133,52.5,210,6.5,1.5,昭52.12.20,－,－
高知,74181,官,高知,ｺｳﾁ,高知市比島町　高知地方気象台,33,34,133,32.9,1,15.5,－,#昭50.12.16,74900,－
高知,74187,四,後免,ｺﾞﾒﾝ,南国市廿枝,33,35.4,133,38.6,12,6.5,1.5,昭52.12.20,－,－
高知,74271,四,安芸,ｱｷ,安芸市伊尾木,33,29.3,133,56,6,6.5,1.5,#昭52.12.19,－,－
高知,74296,四,梼原,ﾕｽﾊﾗ,高岡郡梼原町川西路,33,23.4,132,55.3,415,6.5,1.5,(昭50.4.23)昭52.12.22,－,－
高知,74311,四,須崎,ｽｻｷ,須崎市西町,33,23.1,133,16.6,4,6.5,1.5,#昭52.12.22,－,－
高知,74361,四,窪川,ｸﾎﾞｶﾜ,高岡郡四万十町新開町,33,12.4,133,7.7,205,6.5,1.5,#昭52.12.23,－,－
高知,74372,官,室戸岬,ﾑﾛﾄﾐｻｷ,室戸市室戸岬町　室戸岬特別地域気象観測所,33,15.1,134,10.6,185,－,－,平18.11.28,－,気温、雨、日照
高知,74381,四,江川崎,ｴｶﾜｻｷ,四万十市西土佐用井,33,10.2,132,47.5,72,10,1.5,昭52.12.26,－,－
高知,74436,四,佐賀,ｻｶﾞ,幡多郡黒潮町佐賀,33,4.7,133,6.1,3,6.5,1.5,昭52.12.23,－,－
高知,74447,官,宿毛,ｽｸﾓ,宿毛市片島　宿毛特別地域気象観測所,32,55.2,132,41.7,2,17.2,－,昭57.4.1,－,－
高知,74456,四,中村,ﾅｶﾑﾗ,四万十市入田字長善寺前,32,59.4,132,55.2,8,6.5,1.5,#昭51.2.17,－,－
高知,74516,官,清水,ｼﾐｽﾞ,土佐清水市足摺岬　清水特別地域気象観測所,32,43.3,133,0.6,31,14.7,－,#昭50.3.20,－,－
山口,81011,四,須佐,ｽｻ,萩市須佐字野中,34,36.9,131,37.4,50,6.5,1.5,#昭52.3.7,－,－
山口,81071,官,萩,ﾊｷﾞ,萩市大字土原字川島沖田　萩特別地域気象観測所,34,24.6,131,24.3,2,11.1,－,#昭50.4.1,－,－
山口,81116,四,油谷,ﾕﾔ,長門市油谷新別名字稲毛取山,34,22.2,131,3.3,20,10,1.5,(昭50.4.25)昭52.3.8,－,－
山口,81151,四,徳佐,ﾄｸｻ,山口市阿東徳佐中,34,23.9,131,43.5,310,6.5,1.5,#昭52.3.4,－,－
山口,81196,四,秋吉台,ｱｷﾖｼﾀﾞｲ,美祢市秋芳町秋吉,34,14.1,131,18.4,240,10,1.5,#昭52.3.10,－,－
山口,81231,四,広瀬,ﾋﾛｾ,岩国市錦町広瀬,34,15.7,131,57.1,97,6.4,1.5,#昭51.2.24,－,－
山口,81266,四,豊田,ﾄﾖﾀ,下関市豊田町大字稲光字土橋,34,11.2,131,4.6,40,6.5,1.5,#昭52.3.11,－,－
山口,81286,官,山口,ﾔﾏｸﾞﾁ,山口市前町　山口特別地域気象観測所,34,9.7,131,27.7,18,15.4,－,#昭50.12.18,81900,－
山口,81321,四,岩国,ｲﾜｸﾆ,岩国市川西,34,9.3,132,10.7,41,10,1.5,(昭50.4.25)昭52.2.22,－,－
山口,81371,四,防府,ﾎｳﾌ,防府市大字植松,34,2.4,131,32,4,10,1.5,#昭52.3.2,－,－
山口,81386,四,下松,ｸﾀﾞﾏﾂ,下松市西豊井,34,0.6,131,52.3,27,10.2,1.5,昭52.3.1,－,－
山口,81397,四,玖珂,ｸｶﾞ,岩国市玖珂町,34,5.7,132,4.5,68,7.8,1.5,(昭50.4.1)昭52.2.28,－,－
山口,81428,官,下関,ｼﾓﾉｾｷ,下関市竹崎町　下関地方気象台,33,56.9,130,55.5,3,－,－,平8.6.27,81905,気温、雨
山口,81481,四,柳井,ﾔﾅｲ,柳井市南浜,33,57.5,132,6.8,3,7.9,1.5,(昭50.4.25)昭52.2.25,－,－
山口,81486,四,安下庄,ｱｹﾞﾉｼｮｳ,大島郡周防大島町東安下庄,33,54.2,132,17.6,5,10,1.5,#昭52.2.24,－,－
福岡,82046,四,宗像,ﾑﾅｶﾀ,宗像市田熊,33,48.5,130,32.3,7,6.5,1.5,(昭50.4.25)昭52.2.15,－,－
福岡,82056,四,八幡,ﾔﾊﾀ,北九州市八幡西区鷹の巣,33,51.1,130,44.6,20,10,1.5,#昭52.2.17,－,－
福岡,82101,四,行橋,ﾕｸﾊｼ,行橋市西泉,33,42.8,130,58.5,9,10,1.5,#昭52.2.18,－,－
福岡,82136,官,飯塚,ｲｲﾂﾞｶ,飯塚市川島字甘木　飯塚特別地域気象観測所,33,39.1,130,41.6,37,11,－,#昭50.12.16,－,－
福岡,82171,四,前原,ﾏｴﾊﾞﾙ,糸島市前原西,33,33.6,130,11.4,5,10,1.5,#昭52.3.4,－,－
福岡,82182,官,福岡,ﾌｸｵｶ,福岡市中央区大濠　福岡管区気象台,33,34.9,130,22.5,3,－,－,平22.2.18,82900,気温、雨、日照
福岡,82191,四,太宰府,ﾀﾞｻﾞｲﾌ,太宰府市大佐野,33,29.8,130,29.4,52,10.2,1.5,昭52.3.2,－,－
福岡,82206,四,添田,ｿｴﾀﾞ,田川郡添田町大字野田字大野ノ原,33,33.5,130,51.3,92,6.5,1.5,(昭50.5.25)昭52.2.21,－,－
福岡,82261,四,朝倉,ｱｻｸﾗ,朝倉市三奈木,33,24.4,130,41.7,38,10.1,1.5,#昭52.2.18,－,－
福岡,82306,四,久留米,ｸﾙﾒ,久留米市津福本町,33,18.2,130,29.6,7,13,1.5,昭52.3.1,－,－
福岡,82317,四,黒木,ｸﾛｷﾞ,八女市黒木町本分,33,13.5,130,38.7,144,6.5,1.5,#昭52.2.25,－,－
福岡,82361,四,大牟田,ｵｵﾑﾀ,大牟田市笹原町,33,0.4,130,28,40,10,1.5,#昭52.2.23,－,－
大分,83021,四,国見,ｸﾆﾐ,国東市国見町中,33,40.5,131,35.4,14,6.5,1.5,昭52.2.15,－,－
大分,83051,四,中津,ﾅｶﾂ,中津市大字定留,33,35.2,131,14.7,12,10,1.5,平23.3.15,－,－
大分,83061,四,豊後高田,ﾌﾞﾝｺﾞﾀｶﾀﾞ,豊後高田市呉崎,33,34.2,131,26,5,6.5,1.5,#昭52.2.16,－,－
大分,83106,四,院内,ｲﾝﾅｲ,宇佐市院内町山城,33,25.2,131,19,90,13.3,1.5,(昭50.4.24)昭52.2.21,－,－
大分,83121,四,杵築,ｷﾂｷ,杵築市大字本庄,33,25,131,35.8,5,10.1,1.5,昭53.1.10,－,－
大分,83137,官,日田,ﾋﾀ,日田市三本松　日田特別地域気象観測所,33,19.3,130,55.7,83,22.1,－,#昭50.12.13,－,－
大分,83191,四,玖珠,ｸｽ,玖珠郡玖珠町大字帆足,33,17.5,131,9.3,331,10,1.5,(昭50.4.24)昭52.2.22,－,－
大分,83201,四,湯布院,ﾕﾌｲﾝ,由布市湯布院町川南屋敷下,33,15.2,131,20.8,435,6.5,1.5,#昭52.2.23,－,－
大分,83216,官,大分,ｵｵｲﾀ,大分市長浜町　大分地方気象台,33,14.1,131,37.1,5,19.8,－,#昭50.3.21,83900,－
大分,83341,四,犬飼,ｲﾇｶｲ,豊後大野市犬飼町田原,33,3.9,131,37.9,100,6.8,1.5,#昭52.3.3,－,－
大分,83371,四,竹田,ﾀｹﾀ,竹田市大字会々,32,58.4,131,23.9,261,10,1.5,#昭52.3.2,－,－
大分,83401,四,佐伯,ｻｲｷ,佐伯市字剣崎,32,57,131,54.1,2,10,1.5,#昭52.3.1,－,－
大分,83431,四,宇目,ｳﾒ,佐伯市宇目大字重岡,32,50.7,131,40.5,200,10,1.5,昭52.3.2,－,－
大分,83476,四,蒲江,ｶﾏｴ,佐伯市蒲江蒲江浦,32,47.7,131,55.4,2,10,1.5,#昭52.2.28,－,－
長崎,84012,四,鰐浦,ﾜﾆｳﾗ,対馬市上対馬町鰐浦字カキセ,34,41.9,129,26.7,63,8,1.5,平7.8.2,－,－
長崎,84072,官,厳原,ｲﾂﾞﾊﾗ,対馬市厳原町東里　厳原特別地域気象観測所,34,11.8,129,17.5,4,36,－,平3.9.1,－,－
長崎,84121,四,芦辺,ｱｼﾍﾞ,壱岐市芦辺町国分東触,33,48,129,43.3,97,10,1.5,昭52.3.11,－,－
長崎,84171,官,平戸,ﾋﾗﾄﾞ,平戸市岩の上町　平戸特別地域気象観測所,33,21.6,129,33,58,12.4,－,#昭50.12.11,－,－
長崎,84183,四,松浦,ﾏﾂｳﾗ,松浦市志佐町里免字辻ノ尾台,33,20.5,129,42.7,14,10,1.5,平23.3.15,－,－
長崎,84266,官,佐世保,ｻｾﾎﾞ,佐世保市干尽町　佐世保特別地域気象観測所,33,9.5,129,43.6,4,35,－,平14.3.27,－,－
長崎,84341,四,有川,ｱﾘｶﾜ,南松浦郡新上五島町有川郷字上原,32,58.9,129,7.1,11,8.4,1.5,平11.12.22,－,－
長崎,84356,四,大瀬戸,ｵｵｾﾄ,西海市大瀬戸町多以良外郷先野元,32,56.9,129,37.9,43,10.2,1.5,#昭52.2.21,－,－
長崎,84496,官,長崎,ﾅｶﾞｻｷ,長崎市南山手町　長崎地方気象台,32,44,129,52,27,18.6,－,#昭50.3.21,84900,－
長崎,84519,官,雲仙岳,ｳﾝｾﾞﾝﾀﾞｹ,雲仙市小浜町雲仙　雲仙岳特別地域気象観測所,32,44.2,130,15.7,678,－,－,平14.11.26,－,気温、雨、日照
長崎,84523,四,島原,ｼﾏﾊﾞﾗ,島原市新湊,32,45.6,130,21.7,14,10,1.5,平.18.3.15,－,－
長崎,84536,官,福江,ﾌｸｴ,五島市木場町　福江特別地域気象観測所,32,41.6,128,49.6,25,10.2,－,#昭50.3.18,－,－
長崎,84561,四,口之津,ｸﾁﾉﾂ,南島原市口之津町丁,32,36.7,130,11.6,13,10,1.5,(昭50.4.23)昭51.4.1,－,－
長崎,84596,四,野母崎,ﾉﾓｻﾞｷ,長崎市野母町,32,34.7,129,44.4,190,15.4,1.5,平3.3.29,－,－
佐賀,85033,四,唐津,ｶﾗﾂ,唐津市二夕子,33,27.5,129,57.3,23,10,1.5,平22.2.25,－,－
佐賀,85116,四,伊万里,ｲﾏﾘ,伊万里市立花町,33,16,129,52.7,25,8,1.5,(昭50.9.1)昭52.3.3,－,－
佐賀,85142,官,佐賀,ｻｶﾞ,佐賀市駅前中央　佐賀地方気象台,33,15.9,130,18.3,6,56.1,－,平7.10.19,85900,－
佐賀,85161,四,嬉野,ｳﾚｼﾉ,嬉野市嬉野町大字下野丙,33,7,129,59.7,81,10,1.5,#昭52.2.24,－,－
佐賀,85166,四,白石,ｼﾛｲｼ,杵島郡白石町大字福田,33,11,130,8.9,2,10,1.5,#昭52.3.2,－,－
熊本,86006,四,鹿北,ｶﾎｸ,山鹿市鹿北町岩野,33,6.9,130,41.5,119,10,1.5,#昭52.2.9,－,－
熊本,86066,四,南小国,ﾐﾅﾐｵｸﾞﾆ,阿蘇郡南小国町赤馬場,33,6.2,131,4,448,10,1.5,#昭52.2.14,－,－
熊本,86086,四,岱明,ﾀｲﾒｲ,玉名市岱明町中土,32,54.9,130,30.7,15,10,1.5,#昭52.2.10,－,－
熊本,86101,四,菊池,ｷｸﾁ,菊池市木柑子字上辻,32,56.7,130,46.9,83,6.5,1.5,#昭52.2.10,－,－
熊本,86111,四,阿蘇乙姫,ｱｿｵﾄﾋﾒ,阿蘇市乙姫,32,56.8,131,2.4,487,10,1.5,昭53.1.11,－,－
熊本,86141,官,熊本,ｸﾏﾓﾄ,熊本市中央区京町　熊本地方気象台,32,48.8,130,42.4,38,－,－,#昭50.3.26,86905,気温、雨、日照
熊本,86157,四,南阿蘇,ﾐﾅﾐｱｿ,阿蘇郡南阿蘇村河陰,32,49.9,131,0.8,394,10,－,平27.1.16,86901,－
熊本,86161,四,高森,ﾀｶﾓﾘ,阿蘇郡高森町大字高森,32,49.3,131,7.5,555,10.3,1.5,#昭52.2.15,－,－
熊本,86216,四,三角,ﾐｽﾐ,宇城市三角町波多,32,36.7,130,28.7,60,10,1.5,(昭50.4.23)昭52.2.23,－,－
熊本,86236,四,甲佐,ｺｳｻ,上益城郡甲佐町大字豊内,32,38.7,130,48.6,36,10.3,1.5,#昭52.2.16,－,－
熊本,86271,四,松島,ﾏﾂｼﾏ,上天草市松島町阿村,32,30.9,130,26.8,2,8.1,1.5,#昭52.2.24,－,－
熊本,86316,四,本渡,ﾎﾝﾄﾞ,天草市本渡町本戸馬場,32,28.1,130,10.8,30,10,1.5,#昭52.2.25,－,－
熊本,86336,四,八代,ﾔﾂｼﾛ,八代市平山新町,32,28.4,130,36.4,8,10,1.5,#昭52.2.22,－,－
熊本,86451,四,水俣,ﾐﾅﾏﾀ,水俣市南福寺,32,12.3,130,24.4,6,6.5,1.5,(昭50.4.23)昭52.2.21,－,－
熊本,86467,官,人吉,ﾋﾄﾖｼ,人吉市城本町　人吉特別地域気象観測所,32,13,130,45.3,146,14.7,－,#昭50.12.13,－,－
熊本,86477,四,上,ｳｴ,球磨郡あさぎり町上北,32,13.5,130,54.3,166,6.6,1.5,(昭50.4.23)昭52.3.22,－,－
熊本,86491,官,牛深,ｳｼﾌﾞｶ,天草市牛深町　牛深特別地域気象観測所,32,11.8,130,1.6,3,20.5,－,#昭50.12.19,－,－
宮崎,87041,四,高千穂,ﾀｶﾁﾎ,西臼杵郡高千穂町大字押方字宮野原,32,42.7,131,17.4,350,8,1.5,#昭52.2.7,－,－
宮崎,87066,四,古江,ﾌﾙｴ,延岡市北浦町古江,32,42.7,131,49.2,14,10.2,1.5,昭52.2.8,－,－
宮崎,87071,四,鞍岡,ｸﾗｵｶ,西臼杵郡五ヶ瀬町大字鞍岡,32,38.6,131,9.4,590,6.5,1.5,昭54.1.12,－,－
宮崎,87141,官,延岡,ﾉﾍﾞｵｶ,延岡市天神小路　延岡特別地域気象観測所,32,34.9,131,39.4,19,－,－,#昭50.12.11,－,気温、雨
宮崎,87181,四,日向,ﾋｭｳｶﾞ,日向市大字塩見字出兼,32,24.5,131,36,20,9.3,1.5,#昭52.2.9,－,－
宮崎,87206,四,神門,ﾐｶﾄﾞ,東臼杵郡美郷町南郷区神門,32,23.1,131,19.9,250,6.5,1.5,昭54.1.11,－,－
宮崎,87231,四,西米良,ﾆｼﾒﾗ,児湯郡西米良村大字竹原,32,14.5,131,9.1,258,10,1.5,昭54.1.10,－,－
宮崎,87293,四,高鍋,ﾀｶﾅﾍﾞ,児湯郡高鍋町上江,32,7.4,131,28.5,57,10.1,1.5,平29.3.10,－,－
宮崎,87301,四,加久藤,ｶｸﾄｳ,えびの市大字永山,32,2.8,130,48.6,228,6.5,1.5,#昭52.2.1,－,－
宮崎,87331,四,西都,ｻｲﾄ,西都市大字黒生野,32,3.8,131,24.8,8,10,1.5,#昭52.2.10,－,－
宮崎,87352,四,小林,ｺﾊﾞﾔｼ,小林市南西方,32,0,130,57.2,276,9.3,1.5,平12.9.26,－,－
宮崎,87376,官,宮崎,ﾐﾔｻﾞｷ,宮崎市霧島　宮崎地方気象台,31,56.3,131,24.8,9,25.5,－,#昭50.3.31,－,－
宮崎,87406,四,田野,ﾀﾉ,宮崎市田野町甲,31,50.6,131,18.5,134,10,1.5,平29.2.17,－,－
宮崎,87426,官,都城,ﾐﾔｺﾉｼﾞｮｳ,都城市菖蒲原町　都城特別地域気象観測所,31,43.8,131,4.9,154,12.4,－,#昭50.12.16,－,－
宮崎,87492,官,油津,ｱﾌﾞﾗﾂ,日南市油津　油津特別地域気象観測所,31,34.7,131,24.4,3,－,－,平21.3.10,－,気温、雨、日照
宮崎,87501,四,串間,ｸｼﾏ,串間市大字西方字平山,31,27.9,131,13.2,20,6.5,1.5,#昭52.2.3,－,－
鹿児島,88061,官,阿久根,ｱｸﾈ,阿久根市赤瀬川　阿久根特別地域気象観測所,32,1.6,130,12,40,12.6,－,#昭50.12.10,－,－
鹿児島,88081,四,大口,ｵｵｸﾁ,伊佐市大口原田,32,2.8,130,37.6,175,6.5,1.5,#昭52.2.14,－,－
鹿児島,88107,四,さつま柏原,ｻﾂﾏｶｼﾜﾊﾞﾙ,薩摩郡さつま町柏原,31,55,130,27.3,59,6.5,1.5,#昭51.4.1,－,－
鹿児島,88131,四,中甑,ﾅｶｺｼｷ,薩摩川内市上甑町中甑,31,50.1,129,52,10,6.5,1.5,#昭52.2.19,－,－
鹿児島,88151,四,川内,ｾﾝﾀﾞｲ,薩摩川内市中郷,31,50,130,18.9,5,6.4,1.5,#昭52.2.15,－,－
鹿児島,88261,四,東市来,ﾋｶﾞｼｲﾁｷ,日置市東市来町湯田,31,40.1,130,19.7,40,6.5,1.5,#昭52.2.16,－,－
鹿児島,88286,四,牧之原,ﾏｷﾉﾊﾗ,霧島市福山町福山,31,39.7,130,50.6,387,10,1.5,(昭50.4.24)昭52.2.9,－,－
鹿児島,88317,官,鹿児島,ｶｺﾞｼﾏ,鹿児島市東郡元町　鹿児島地方気象台,31,33.3,130,32.8,4,44.9,－,平6.2.25,88905,－
鹿児島,88331,四,輝北,ｷﾎｸ,鹿屋市輝北町市成,31,35.3,130,51.3,360,6.5,1.5,昭52.3.10,－,－
鹿児島,88371,四,加世田,ｶｾﾀﾞ,南さつま市加世田東本町,31,24.9,130,19.5,9,8.8,1.5,#昭52.2.21,－,－
鹿児島,88406,四,志布志,ｼﾌﾞｼ,志布志市志布志町志布志字杉の下,31,28.7,131,5.7,70,6.5,1.5,(昭50.4.24)昭52.2.16,－,－
鹿児島,88432,四,喜入,ｷｲﾚ,鹿児島市喜入中名町,31,23.2,130,32.4,4,8.9,1.5,#昭52.2.23,－,－
鹿児島,88442,四,鹿屋,ｶﾉﾔ,鹿屋市寿,31,23.5,130,51.8,80,10,1.5,(昭50.4.24)昭52.2.25,－,－
鹿児島,88447,四,肝付前田,ｷﾓﾂｷﾏｴﾀﾞ,肝属郡肝付町前田,31,20.4,130,56.3,31,9.3,1.5,昭52.8.10,－,－
鹿児島,88466,官,枕崎,ﾏｸﾗｻﾞｷ,枕崎市高見町　枕崎特別地域気象観測所,31,16.3,130,17.5,30,11,－,#昭50.3.24,－,－
鹿児島,88486,四,指宿,ｲﾌﾞｽｷ,指宿市十町,31,15,130,38.2,5,10,1.5,#昭52.2.24,－,－
鹿児島,88506,四,内之浦,ｳﾁﾉｳﾗ,肝属郡肝付町北方,31,16.6,131,3.3,8,10,1.5,#昭52.2.15,－,－
鹿児島,88536,四,田代,ﾀｼﾛ,肝属郡錦江町田代麓,31,11.9,130,50.6,182,6.5,1.5,昭52.2.14,－,－
鹿児島,88612,官,種子島,ﾀﾈｶﾞｼﾏ,西之表市西之表　種子島特別地域気象観測所,30,43.2,130,58.9,25,29.8,－,#昭50.3.26,－,－
鹿児島,88666,四,上中,ｶﾐﾅｶ,熊毛郡南種子町中之下,30,24.4,130,54.1,150,6.5,1.5,#昭52.2.18,－,－
鹿児島,88686,官,屋久島,ﾔｸｼﾏ,熊毛郡屋久島町小瀬田　屋久島特別地域気象観測所,30,23.1,130,39.5,37,7,－,#昭50.12.19,－,－
鹿児島,88706,四,尾之間,ｵﾉｱｲﾀﾞ,熊毛郡屋久島町尾之間浜道,30,14.1,130,33.3,60,6.5,1.5,#昭52.3.4,－,－
鹿児島,88736,四,中之島,ﾅｶﾉｼﾏ,鹿児島郡十島村中之島,29,50.4,129,52,220,6.5,1.5,平14.12.18,－,－
鹿児島,88836,官,名瀬,ﾅｾﾞ,奄美市名瀬港町　名瀬測候所,28,22.7,129,29.7,3,20.8,－,#昭50.3.17,－,－
鹿児島,88901,四,古仁屋,ｺﾆﾔ,大島郡瀬戸内町古仁屋船津,28,8.6,129,18.9,2,6.5,1.5,(昭50.5.9)昭52.2.21,－,－
鹿児島,88956,四,伊仙,ｲｾﾝ,大島郡伊仙町面縄,27,40.6,128,58.4,44,6.5,1.5,昭52.2.24,－,－
鹿児島,88971,官,沖永良部,ｵｷﾉｴﾗﾌﾞ,大島郡和泊町国頭字手付　沖永良部特別地域気象観測所,27,25.9,128,42.3,27,10,－,#昭50.4.10,－,－
沖縄,91011,四,伊是名,ｲｾﾞﾅ,島尻郡伊是名村字内花,26,56.9,127,56.4,14,10,1.5,昭52.3.16,－,－
沖縄,91021,四,奥,ｵｸ,国頭郡国頭村奥,26,50.1,128,16.3,232,10,1.5,#昭52.2.28,－,－
沖縄,91107,官,名護,ﾅｺﾞ,名護市宮里　名護特別地域気象観測所,26,35.6,127,57.9,6,25.6,－,昭62.7.1,－,－
沖縄,91146,官,久米島,ｸﾒｼﾞﾏ,島尻郡久米島町字謝名堂　久米島特別地域気象観測所,26,20.2,126,48.2,5,15,－,昭52.3.23,－,－
沖縄,91166,四,宮城島,ﾐﾔｷﾞｼﾞﾏ,うるま市与那城上原阪上,26,21.8,127,58.3,100,10,1.5,平19.12.19,－,－
沖縄,91181,四,渡嘉敷,ﾄｶｼｷ,島尻郡渡嘉敷村渡嘉敷,26,12.6,127,21.8,220,10,1.5,昭52.3.23,－,－
沖縄,91197,官,那覇,ﾅﾊ,那覇市樋川　沖縄気象台,26,12.4,127,41.2,28,47.8,－,昭62.6.10,－,－
沖縄,91241,四,糸数,ｲﾄｶｽﾞ,南城市玉城字糸数西赤津川原,26,9.2,127,45.9,186,10,1.5,#昭52.3.3,－,－
沖縄,92011,官,南大東,ﾐﾅﾐﾀﾞｲﾄｳ,島尻郡南大東村在所　南大東島地方気象台,25,49.7,131,13.7,15,22.5,－,昭54.3.14,－,－
沖縄,93041,官,宮古島,ﾐﾔｺｼﾞﾏ,宮古島市平良字下里　宮古島地方気象台,24,47.6,125,16.7,40,13.5,－,昭52.3.16,－,－
沖縄,94001,四,伊原間,ｲﾊﾞﾙﾏ,石垣市伊原間,24,30.5,124,16.8,15,6.5,1.5,昭52.3.10,－,－
沖縄,94017,官,与那国島,ﾖﾅｸﾞﾆｼﾞﾏ,八重山郡与那国町与那国　与那国島特別地域気象観測所,24,28,123,0.6,30,14.4,－,昭53.4.25,－,－
沖縄,94062,官,西表島,ｲﾘｵﾓﾃｼﾞﾏ,八重山郡竹富町字上原宇那利崎　西表島特別地域気象観測所,24,25.6,123,45.9,10,10.1,－,平15.3.12,－,－
沖縄,94081,官,石垣島,ｲｼｶﾞｷｼﾞﾏ,石垣市登野城　石垣島地方気象台,24,20.2,124,9.8,6,28.9,－,昭52.3.8,－,－
沖縄,94101,四,大原,ｵｵﾊﾗ,八重山郡竹富町南風見,24,15.9,123,52.3,33,10,1.5,昭53.3.14,－,－
沖縄,94116,四,波照間,ﾊﾃﾙﾏ,八重山郡竹富町波照間,24,3.3,123,46,38,6.5,1.5,昭54.3.2,－,－
